cycle,trajectory,threshold,replicates,mean_proposals,p_stop16,p_stop32,p_exact_best,p_within_001,mean_score_loss,p_no_passing,p_loss_over_001,prefix_proposals,prefix_score_loss
1,0,0.0001,2000,44.48,0.229,0.2665,1.0,1.0,0.0,0.0,0.0,16,0.0
1,0,0.001,2000,44.48,0.229,0.2665,1.0,1.0,0.0,0.0,0.0,16,0.0
1,0,0.005,2000,64.0,0.0,0.0,1.0,1.0,0.0,0.0,0.0,64,0.0
1,0,0.01,2000,64.0,0.0,0.0,1.0,1.0,0.0,0.0,0.0,64,0.0
1,1,0.0001,2000,16.008,0.9995,0.0005,0.24,0.438,0.01770587920921995,0.0,0.562,16,0.008305523272483573
1,1,0.001,2000,16.008,0.9995,0.0005,0.24,0.438,0.01770587920921995,0.0,0.562,16,0.008305523272483573
1,1,0.005,2000,16.024,0.9985,0.0015,0.2405,0.4385,0.017636465213815556,0.0,0.5615,16,0.008305523272483573
1,1,0.01,2000,16.024,0.9985,0.0015,0.2405,0.4385,0.017636465213815556,0.0,0.5615,16,0.008305523272483573
1,2,0.0001,2000,44.016,0.247,0.254,1.0,1.0,0.0,0.0,0.0,64,0.0
1,2,0.001,2000,44.016,0.247,0.254,1.0,1.0,0.0,0.0,0.0,64,0.0
1,2,0.005,2000,44.016,0.247,0.254,1.0,1.0,0.0,0.0,0.0,64,0.0
1,2,0.01,2000,44.016,0.247,0.254,1.0,1.0,0.0,0.0,0.0,64,0.0
1,3,0.0001,2000,64.0,0.0,0.0,1.0,1.0,0.0,0.0,0.0,64,0.0
1,3,0.001,2000,64.0,0.0,0.0,1.0,1.0,0.0,0.0,0.0,64,0.0
1,3,0.005,2000,64.0,0.0,0.0,1.0,1.0,0.0,0.0,0.0,64,0.0
1,3,0.01,2000,64.0,0.0,0.0,1.0,1.0,0.0,0.0,0.0,64,0.0
1,4,0.0001,2000,19.064,0.8355,0.151,0.329,0.329,0.05497059745426644,0.0,0.671,16,0.059193038497432404
1,4,0.001,2000,19.064,0.8355,0.151,0.329,0.329,0.05497059745426644,0.0,0.671,16,0.059193038497432404
1,4,0.005,2000,20.416,0.771,0.2055,0.359,0.359,0.0481570172878158,0.0,0.641,16,0.059193038497432404
1,4,0.01,2000,20.416,0.771,0.2055,0.359,0.359,0.0481570172878158,0.0,0.641,16,0.059193038497432404
1,5,0.0001,2000,16.0,1.0,0.0,0.2425,0.2425,0.058771723879134256,0.0,0.7575,16,0.0
1,5,0.001,2000,16.0,1.0,0.0,0.2425,0.2425,0.058771723879134256,0.0,0.7575,16,0.0
1,5,0.005,2000,16.0,1.0,0.0,0.2425,0.2425,0.058771723879134256,0.0,0.7575,16,0.0
1,5,0.01,2000,16.0,1.0,0.0,0.2425,0.2425,0.058771723879134256,0.0,0.7575,16,0.0
2,0,0.0001,2000,64.0,0.0,0.0,1.0,1.0,0.0,0.0,0.0,64,0.0
2,0,0.001,2000,64.0,0.0,0.0,1.0,1.0,0.0,0.0,0.0,64,0.0
2,0,0.005,2000,64.0,0.0,0.0,1.0,1.0,0.0,0.0,0.0,64,0.0
2,0,0.01,2000,64.0,0.0,0.0,1.0,1.0,0.0,0.0,0.0,64,0.0
2,1,0.0001,2000,43.696,0.258,0.2475,1.0,1.0,0.0,0.0,0.0,64,0.0
2,1,0.001,2000,43.696,0.258,0.2475,1.0,1.0,0.0,0.0,0.0,64,0.0
2,1,0.005,2000,64.0,0.0,0.0,1.0,1.0,0.0,0.0,0.0,64,0.0
2,1,0.01,2000,64.0,0.0,0.0,1.0,1.0,0.0,0.0,0.0,64,0.0
2,2,0.0001,2000,32.504,0.4525,0.3055,0.6645,0.6645,0.006894907335041404,0.0,0.3355,16,0.0
2,2,0.001,2000,32.504,0.4525,0.3055,0.6645,0.6645,0.006894907335041404,0.0,0.3355,16,0.0
2,2,0.005,2000,32.504,0.4525,0.3055,0.6645,0.6645,0.006894907335041404,0.0,0.3355,16,0.0
2,2,0.01,2000,32.504,0.4525,0.3055,0.6645,0.6645,0.006894907335041404,0.0,0.3355,16,0.0
2,3,0.0001,2000,32.336,0.449,0.316,0.6885,0.6885,0.006986757672925012,0.0,0.3115,32,0.0
2,3,0.001,2000,32.336,0.449,0.316,0.6885,0.6885,0.006986757672925012,0.0,0.3115,32,0.0
2,3,0.005,2000,43.44,0.255,0.26,1.0,1.0,0.0,0.0,0.0,32,0.0
2,3,0.01,2000,43.44,0.255,0.26,1.0,1.0,0.0,0.0,0.0,32,0.0
2,4,0.0001,2000,22.68,0.6845,0.2645,0.4235,0.4235,0.02738764934756206,0.0,0.5765,32,0.0
2,4,0.001,2000,22.68,0.6845,0.2645,0.4235,0.4235,0.02738764934756206,0.0,0.5765,32,0.0
2,4,0.005,2000,22.68,0.6845,0.2645,0.4235,0.4235,0.02738764934756206,0.0,0.5765,32,0.0
2,4,0.01,2000,22.68,0.6845,0.2645,0.4235,0.4235,0.02738764934756206,0.0,0.5765,32,0.0
2,5,0.0001,2000,44.896,0.239,0.2385,1.0,1.0,0.0,0.0,0.0,32,0.0
2,5,0.001,2000,44.896,0.239,0.2385,1.0,1.0,0.0,0.0,0.0,32,0.0
2,5,0.005,2000,44.896,0.239,0.2385,1.0,1.0,0.0,0.0,0.0,32,0.0
2,5,0.01,2000,44.896,0.239,0.2385,1.0,1.0,0.0,0.0,0.0,32,0.0
3,0,0.0001,2000,64.0,0.0,0.0,1.0,1.0,0.0,0.0,0.0,64,0.0
3,0,0.001,2000,64.0,0.0,0.0,1.0,1.0,0.0,0.0,0.0,64,0.0
3,0,0.005,2000,64.0,0.0,0.0,1.0,1.0,0.0,0.0,0.0,64,0.0
3,0,0.01,2000,64.0,0.0,0.0,1.0,1.0,0.0,0.0,0.0,64,0.0
3,1,0.0001,2000,16.824,0.9515,0.047,0.2775,0.2775,0.07695961973028653,0.0,0.7225,16,0.0
3,1,0.001,2000,16.824,0.9515,0.047,0.2775,0.2775,0.07695961973028653,0.0,0.7225,16,0.0
3,1,0.005,2000,16.824,0.9515,0.047,0.2775,0.2775,0.07695961973028653,0.0,0.7225,16,0.0
3,1,0.01,2000,16.824,0.9515,0.047,0.2775,0.2775,0.07695961973028653,0.0,0.7225,16,0.0
3,2,0.0001,2000,64.0,0.0,0.0,1.0,1.0,0.0,0.0,0.0,64,0.0
3,2,0.001,2000,64.0,0.0,0.0,1.0,1.0,0.0,0.0,0.0,64,0.0
3,2,0.005,2000,64.0,0.0,0.0,1.0,1.0,0.0,0.0,0.0,64,0.0
3,2,0.01,2000,64.0,0.0,0.0,1.0,1.0,0.0,0.0,0.0,64,0.0
3,3,0.0001,2000,64.0,0.0,0.0,1.0,1.0,0.0,0.0,0.0,64,0.0
3,3,0.001,2000,64.0,0.0,0.0,1.0,1.0,0.0,0.0,0.0,64,0.0
3,3,0.005,2000,64.0,0.0,0.0,1.0,1.0,0.0,0.0,0.0,64,0.0
3,3,0.01,2000,64.0,0.0,0.0,1.0,1.0,0.0,0.0,0.0,64,0.0
3,4,0.0001,2000,16.12,0.9925,0.0075,0.284,0.4615,0.020259005325998933,0.0,0.5385,16,0.032979652152522965
3,4,0.001,2000,16.12,0.9925,0.0075,0.284,0.4615,0.020259005325998933,0.0,0.5385,16,0.032979652152522965
3,4,0.005,2000,16.12,0.9925,0.0075,0.284,0.4615,0.020259005325998933,0.0,0.5385,16,0.032979652152522965
3,4,0.01,2000,16.12,0.9925,0.0075,0.284,0.4615,0.020259005325998933,0.0,0.5385,16,0.032979652152522965
3,5,0.0001,2000,64.0,0.0,0.0,1.0,1.0,0.0,0.0,0.0,64,0.0
3,5,0.001,2000,64.0,0.0,0.0,1.0,1.0,0.0,0.0,0.0,64,0.0
3,5,0.005,2000,64.0,0.0,0.0,1.0,1.0,0.0,0.0,0.0,64,0.0
3,5,0.01,2000,64.0,0.0,0.0,1.0,1.0,0.0,0.0,0.0,64,0.0
4,0,0.0001,2000,31.912,0.4625,0.309,0.667,0.667,0.01847676484318392,0.0,0.333,16,0.05548578030986162
4,0,0.001,2000,31.912,0.4625,0.309,0.667,0.667,0.01847676484318392,0.0,0.333,16,0.05548578030986162
4,0,0.005,2000,43.96,0.2595,0.237,1.0,1.0,0.0,0.0,0.0,32,0.0
4,0,0.01,2000,43.96,0.2595,0.237,1.0,1.0,0.0,0.0,0.0,32,0.0
4,1,0.0001,2000,64.0,0.0,0.0,1.0,1.0,0.0,0.0,0.0,64,0.0
4,1,0.001,2000,64.0,0.0,0.0,1.0,1.0,0.0,0.0,0.0,64,0.0
4,1,0.005,2000,64.0,0.0,0.0,1.0,1.0,0.0,0.0,0.0,64,0.0
4,1,0.01,2000,64.0,0.0,0.0,1.0,1.0,0.0,0.0,0.0,64,0.0
4,2,0.0001,2000,64.0,0.0,0.0,1.0,1.0,0.0,0.0,0.0,64,0.0
4,2,0.001,2000,64.0,0.0,0.0,1.0,1.0,0.0,0.0,0.0,64,0.0
4,2,0.005,2000,64.0,0.0,0.0,1.0,1.0,0.0,0.0,0.0,64,0.0
4,2,0.01,2000,64.0,0.0,0.0,1.0,1.0,0.0,0.0,0.0,64,0.0
4,3,0.0001,2000,64.0,0.0,0.0,1.0,1.0,0.0,0.0,0.0,64,0.0
4,3,0.001,2000,64.0,0.0,0.0,1.0,1.0,0.0,0.0,0.0,64,0.0
4,3,0.005,2000,64.0,0.0,0.0,1.0,1.0,0.0,0.0,0.0,64,0.0
4,3,0.01,2000,64.0,0.0,0.0,1.0,1.0,0.0,0.0,0.0,64,0.0
4,4,0.0001,2000,64.0,0.0,0.0,1.0,1.0,0.0,0.0,0.0,64,0.0
4,4,0.001,2000,64.0,0.0,0.0,1.0,1.0,0.0,0.0,0.0,64,0.0
4,4,0.005,2000,64.0,0.0,0.0,1.0,1.0,0.0,0.0,0.0,64,0.0
4,4,0.01,2000,64.0,0.0,0.0,1.0,1.0,0.0,0.0,0.0,64,0.0
4,5,0.0001,2000,64.0,0.0,0.0,1.0,1.0,0.0,0.0,0.0,64,0.0
4,5,0.001,2000,64.0,0.0,0.0,1.0,1.0,0.0,0.0,0.0,64,0.0
4,5,0.005,2000,64.0,0.0,0.0,1.0,1.0,0.0,0.0,0.0,64,0.0
4,5,0.01,2000,64.0,0.0,0.0,1.0,1.0,0.0,0.0,0.0,64,0.0
6,0,0.0001,2000,64.0,0.0,0.0,1.0,1.0,0.0,0.0,0.0,64,0.0
6,0,0.001,2000,64.0,0.0,0.0,1.0,1.0,0.0,0.0,0.0,64,0.0
6,0,0.005,2000,64.0,0.0,0.0,1.0,1.0,0.0,0.0,0.0,64,0.0
6,0,0.01,2000,64.0,0.0,0.0,1.0,1.0,0.0,0.0,0.0,64,0.0
6,1,0.0001,2000,64.0,0.0,0.0,1.0,1.0,0.0,0.0,0.0,64,0.0
6,1,0.001,2000,64.0,0.0,0.0,1.0,1.0,0.0,0.0,0.0,64,0.0
6,1,0.005,2000,64.0,0.0,0.0,1.0,1.0,0.0,0.0,0.0,64,0.0
6,1,0.01,2000,64.0,0.0,0.0,1.0,1.0,0.0,0.0,0.0,64,0.0
6,2,0.0001,2000,64.0,0.0,0.0,1.0,1.0,0.0,0.0,0.0,64,0.0
6,2,0.001,2000,64.0,0.0,0.0,1.0,1.0,0.0,0.0,0.0,64,0.0
6,2,0.005,2000,64.0,0.0,0.0,1.0,1.0,0.0,0.0,0.0,64,0.0
6,2,0.01,2000,64.0,0.0,0.0,1.0,1.0,0.0,0.0,0.0,64,0.0
6,3,0.0001,2000,43.472,0.262,0.2485,1.0,1.0,0.0,0.0,0.0,32,0.0
6,3,0.001,2000,43.472,0.262,0.2485,1.0,1.0,0.0,0.0,0.0,32,0.0
6,3,0.005,2000,43.472,0.262,0.2485,1.0,1.0,0.0,0.0,0.0,32,0.0
6,3,0.01,2000,43.472,0.262,0.2485,1.0,1.0,0.0,0.0,0.0,32,0.0
6,4,0.0001,2000,44.456,0.2395,0.2515,1.0,1.0,0.0,0.0,0.0,16,0.0
6,4,0.001,2000,44.456,0.2395,0.2515,1.0,1.0,0.0,0.0,0.0,16,0.0
6,4,0.005,2000,44.456,0.2395,0.2515,1.0,1.0,0.0,0.0,0.0,16,0.0
6,4,0.01,2000,64.0,0.0,0.0,1.0,1.0,0.0,0.0,0.0,64,0.0
6,5,0.0001,2000,64.0,0.0,0.0,1.0,1.0,0.0,0.0,0.0,64,0.0
6,5,0.001,2000,64.0,0.0,0.0,1.0,1.0,0.0,0.0,0.0,64,0.0
6,5,0.005,2000,64.0,0.0,0.0,1.0,1.0,0.0,0.0,0.0,64,0.0
6,5,0.01,2000,64.0,0.0,0.0,1.0,1.0,0.0,0.0,0.0,64,0.0
7,0,0.0001,2000,32.864,0.441,0.3115,0.679,0.679,0.005242897258675526,0.0,0.321,16,0.016333013266901952
7,0,0.001,2000,32.864,0.441,0.3115,0.679,0.679,0.005242897258675526,0.0,0.321,16,0.016333013266901952
7,0,0.005,2000,32.864,0.441,0.3115,0.679,0.679,0.005242897258675526,0.0,0.321,16,0.016333013266901952
7,0,0.01,2000,32.864,0.441,0.3115,0.679,0.679,0.005242897258675526,0.0,0.321,16,0.016333013266901952
7,1,0.0001,2000,64.0,0.0,0.0,1.0,1.0,0.0,0.0,0.0,64,0.0
7,1,0.001,2000,64.0,0.0,0.0,1.0,1.0,0.0,0.0,0.0,64,0.0
7,1,0.005,2000,64.0,0.0,0.0,1.0,1.0,0.0,0.0,0.0,64,0.0
7,1,0.01,2000,64.0,0.0,0.0,1.0,1.0,0.0,0.0,0.0,64,0.0
7,2,0.0001,2000,64.0,0.0,0.0,1.0,1.0,0.0,0.0,0.0,64,0.0
7,2,0.001,2000,64.0,0.0,0.0,1.0,1.0,0.0,0.0,0.0,64,0.0
7,2,0.005,2000,64.0,0.0,0.0,1.0,1.0,0.0,0.0,0.0,64,0.0
7,2,0.01,2000,64.0,0.0,0.0,1.0,1.0,0.0,0.0,0.0,64,0.0
7,3,0.0001,2000,43.168,0.268,0.249,1.0,1.0,0.0,0.0,0.0,64,0.0
7,3,0.001,2000,43.168,0.268,0.249,1.0,1.0,0.0,0.0,0.0,64,0.0
7,3,0.005,2000,43.168,0.268,0.249,1.0,1.0,0.0,0.0,0.0,64,0.0
7,3,0.01,2000,43.168,0.268,0.249,1.0,1.0,0.0,0.0,0.0,64,0.0
7,4,0.0001,2000,64.0,0.0,0.0,1.0,1.0,0.0,0.0,0.0,64,0.0
7,4,0.001,2000,64.0,0.0,0.0,1.0,1.0,0.0,0.0,0.0,64,0.0
7,4,0.005,2000,64.0,0.0,0.0,1.0,1.0,0.0,0.0,0.0,64,0.0
7,4,0.01,2000,64.0,0.0,0.0,1.0,1.0,0.0,0.0,0.0,64,0.0
7,5,0.0001,2000,64.0,0.0,0.0,1.0,1.0,0.0,0.0,0.0,64,0.0
7,5,0.001,2000,64.0,0.0,0.0,1.0,1.0,0.0,0.0,0.0,64,0.0
7,5,0.005,2000,64.0,0.0,0.0,1.0,1.0,0.0,0.0,0.0,64,0.0
7,5,0.01,2000,64.0,0.0,0.0,1.0,1.0,0.0,0.0,0.0,64,0.0
8,0,0.0001,2000,26.96,0.574,0.2965,0.5135,0.5135,0.03113922260100921,0.0,0.4865,16,0.06279598225624339
8,0,0.001,2000,26.96,0.574,0.2965,0.5135,0.5135,0.03113922260100921,0.0,0.4865,16,0.06279598225624339
8,0,0.005,2000,33.48,0.4245,0.317,0.695,0.695,0.019152774588154235,0.0,0.305,16,0.06279598225624339
8,0,0.01,2000,44.304,0.238,0.2585,1.0,1.0,0.0,0.0,0.0,32,0.0
8,1,0.0001,2000,64.0,0.0,0.0,1.0,1.0,0.0,0.0,0.0,64,0.0
8,1,0.001,2000,64.0,0.0,0.0,1.0,1.0,0.0,0.0,0.0,64,0.0
8,1,0.005,2000,64.0,0.0,0.0,1.0,1.0,0.0,0.0,0.0,64,0.0
8,1,0.01,2000,64.0,0.0,0.0,1.0,1.0,0.0,0.0,0.0,64,0.0
8,3,0.0001,2000,33.008,0.436,0.3145,0.6685,0.6685,0.005953519422312638,0.0,0.3315,16,0.017959334607277944
8,3,0.001,2000,33.008,0.436,0.3145,0.6685,0.6685,0.005953519422312638,0.0,0.3315,16,0.017959334607277944
8,3,0.005,2000,33.008,0.436,0.3145,0.6685,0.6685,0.005953519422312638,0.0,0.3315,16,0.017959334607277944
8,3,0.01,2000,44.696,0.2385,0.2455,1.0,1.0,0.0,0.0,0.0,64,0.0
8,4,0.0001,2000,64.0,0.0,0.0,1.0,1.0,0.0,0.0,0.0,64,0.0
8,4,0.001,2000,64.0,0.0,0.0,1.0,1.0,0.0,0.0,0.0,64,0.0
8,4,0.005,2000,64.0,0.0,0.0,1.0,1.0,0.0,0.0,0.0,64,0.0
8,4,0.01,2000,64.0,0.0,0.0,1.0,1.0,0.0,0.0,0.0,64,0.0
8,5,0.0001,2000,64.0,0.0,0.0,1.0,1.0,0.0,0.0,0.0,64,0.0
8,5,0.001,2000,64.0,0.0,0.0,1.0,1.0,0.0,0.0,0.0,64,0.0
8,5,0.005,2000,64.0,0.0,0.0,1.0,1.0,0.0,0.0,0.0,64,0.0
8,5,0.01,2000,64.0,0.0,0.0,1.0,1.0,0.0,0.0,0.0,64,0.0
9,0,0.0001,2000,64.0,0.0,0.0,1.0,1.0,0.0,0.0,0.0,64,0.0
9,0,0.001,2000,64.0,0.0,0.0,1.0,1.0,0.0,0.0,0.0,64,0.0
9,0,0.005,2000,64.0,0.0,0.0,1.0,1.0,0.0,0.0,0.0,64,0.0
9,0,0.01,2000,64.0,0.0,0.0,1.0,1.0,0.0,0.0,0.0,64,0.0
9,3,0.0001,2000,20.904,0.7555,0.2135,0.361,0.361,0.028851753558863387,0.0,0.639,16,0.1143546276123295
9,3,0.001,2000,20.904,0.7555,0.2135,0.361,0.361,0.028851753558863387,0.0,0.639,16,0.1143546276123295
9,3,0.005,2000,20.904,0.7555,0.2135,0.361,0.361,0.028851753558863387,0.0,0.639,16,0.1143546276123295
9,3,0.01,2000,23.248,0.665,0.276,0.423,0.423,0.018106445544259782,0.0,0.577,64,0.0
9,4,0.0001,2000,44.296,0.2525,0.237,1.0,1.0,0.0,0.0,0.0,64,0.0
9,4,0.001,2000,44.296,0.2525,0.237,1.0,1.0,0.0,0.0,0.0,64,0.0
9,4,0.005,2000,44.296,0.2525,0.237,1.0,1.0,0.0,0.0,0.0,64,0.0
9,4,0.01,2000,64.0,0.0,0.0,1.0,1.0,0.0,0.0,0.0,64,0.0
9,5,0.0001,2000,64.0,0.0,0.0,1.0,1.0,0.0,0.0,0.0,64,0.0
9,5,0.001,2000,64.0,0.0,0.0,1.0,1.0,0.0,0.0,0.0,64,0.0
9,5,0.005,2000,64.0,0.0,0.0,1.0,1.0,0.0,0.0,0.0,64,0.0
9,5,0.01,2000,64.0,0.0,0.0,1.0,1.0,0.0,0.0,0.0,64,0.0
10,0,0.0001,2000,64.0,0.0,0.0,1.0,1.0,0.0,0.0,0.0,64,0.0
10,0,0.001,2000,64.0,0.0,0.0,1.0,1.0,0.0,0.0,0.0,64,0.0
10,0,0.005,2000,64.0,0.0,0.0,1.0,1.0,0.0,0.0,0.0,64,0.0
10,0,0.01,2000,64.0,0.0,0.0,1.0,1.0,0.0,0.0,0.0,64,0.0
10,3,0.0001,2000,18.944,0.837,0.1525,0.3105,0.3105,0.07413345153105036,0.0,0.6895,32,0.10616605251373801
10,3,0.001,2000,18.944,0.837,0.1525,0.3105,0.3105,0.07413345153105036,0.0,0.6895,32,0.10616605251373801
10,3,0.005,2000,18.944,0.837,0.1525,0.3105,0.3105,0.07413345153105036,0.0,0.6895,32,0.10616605251373801
10,3,0.01,2000,18.944,0.837,0.1525,0.3105,0.3105,0.07413345153105036,0.0,0.6895,32,0.10616605251373801
10,4,0.0001,2000,64.0,0.0,0.0,1.0,1.0,0.0,0.0,0.0,64,0.0
10,4,0.001,2000,64.0,0.0,0.0,1.0,1.0,0.0,0.0,0.0,64,0.0
10,4,0.005,2000,64.0,0.0,0.0,1.0,1.0,0.0,0.0,0.0,64,0.0
10,4,0.01,2000,64.0,0.0,0.0,1.0,1.0,0.0,0.0,0.0,64,0.0
10,5,0.0001,2000,43.608,0.2595,0.248,1.0,1.0,0.0,0.0,0.0,16,0.0
10,5,0.001,2000,43.608,0.2595,0.248,1.0,1.0,0.0,0.0,0.0,16,0.0
10,5,0.005,2000,64.0,0.0,0.0,1.0,1.0,0.0,0.0,0.0,64,0.0
10,5,0.01,2000,64.0,0.0,0.0,1.0,1.0,0.0,0.0,0.0,64,0.0
11,0,0.0001,2000,64.0,0.0,0.0,1.0,1.0,0.0,0.0,0.0,64,0.0
11,0,0.001,2000,64.0,0.0,0.0,1.0,1.0,0.0,0.0,0.0,64,0.0
11,0,0.005,2000,64.0,0.0,0.0,1.0,1.0,0.0,0.0,0.0,64,0.0
11,0,0.01,2000,64.0,0.0,0.0,1.0,1.0,0.0,0.0,0.0,64,0.0
11,3,0.0001,2000,44.064,0.245,0.2555,1.0,1.0,0.0,0.0,0.0,16,0.0
11,3,0.001,2000,64.0,0.0,0.0,1.0,1.0,0.0,0.0,0.0,64,0.0
11,3,0.005,2000,64.0,0.0,0.0,1.0,1.0,0.0,0.0,0.0,64,0.0
11,3,0.01,2000,64.0,0.0,0.0,1.0,1.0,0.0,0.0,0.0,64,0.0
11,4,0.0001,2000,64.0,0.0,0.0,1.0,1.0,0.0,0.0,0.0,64,0.0
11,4,0.001,2000,64.0,0.0,0.0,1.0,1.0,0.0,0.0,0.0,64,0.0
11,4,0.005,2000,64.0,0.0,0.0,1.0,1.0,0.0,0.0,0.0,64,0.0
11,4,0.01,2000,64.0,0.0,0.0,1.0,1.0,0.0,0.0,0.0,64,0.0
11,5,0.0001,2000,64.0,0.0,0.0,1.0,1.0,0.0,0.0,0.0,64,0.0
11,5,0.001,2000,64.0,0.0,0.0,1.0,1.0,0.0,0.0,0.0,64,0.0
11,5,0.005,2000,64.0,0.0,0.0,1.0,1.0,0.0,0.0,0.0,64,0.0
11,5,0.01,2000,64.0,0.0,0.0,1.0,1.0,0.0,0.0,0.0,64,0.0
12,0,0.0001,2000,64.0,0.0,0.0,1.0,1.0,0.0,0.0,0.0,64,0.0
12,0,0.001,2000,64.0,0.0,0.0,1.0,1.0,0.0,0.0,0.0,64,0.0
12,0,0.005,2000,64.0,0.0,0.0,1.0,1.0,0.0,0.0,0.0,64,0.0
12,0,0.01,2000,64.0,0.0,0.0,1.0,1.0,0.0,0.0,0.0,64,0.0
12,3,0.0001,2000,64.0,0.0,0.0,1.0,1.0,0.0,0.0,0.0,64,0.0
12,3,0.001,2000,64.0,0.0,0.0,1.0,1.0,0.0,0.0,0.0,64,0.0
12,3,0.005,2000,64.0,0.0,0.0,1.0,1.0,0.0,0.0,0.0,64,0.0
12,3,0.01,2000,64.0,0.0,0.0,1.0,1.0,0.0,0.0,0.0,64,0.0
12,4,0.0001,2000,64.0,0.0,0.0,1.0,1.0,0.0,0.0,0.0,64,0.0
12,4,0.001,2000,64.0,0.0,0.0,1.0,1.0,0.0,0.0,0.0,64,0.0
12,4,0.005,2000,64.0,0.0,0.0,1.0,1.0,0.0,0.0,0.0,64,0.0
12,4,0.01,2000,64.0,0.0,0.0,1.0,1.0,0.0,0.0,0.0,64,0.0
12,5,0.0001,2000,64.0,0.0,0.0,1.0,1.0,0.0,0.0,0.0,64,0.0
12,5,0.001,2000,64.0,0.0,0.0,1.0,1.0,0.0,0.0,0.0,64,0.0
12,5,0.005,2000,64.0,0.0,0.0,1.0,1.0,0.0,0.0,0.0,64,0.0
12,5,0.01,2000,64.0,0.0,0.0,1.0,1.0,0.0,0.0,0.0,64,0.0
13,0,0.0001,2000,64.0,0.0,0.0,1.0,1.0,0.0,0.0,0.0,64,0.0
13,0,0.001,2000,64.0,0.0,0.0,1.0,1.0,0.0,0.0,0.0,64,0.0
13,0,0.005,2000,64.0,0.0,0.0,1.0,1.0,0.0,0.0,0.0,64,0.0
13,0,0.01,2000,64.0,0.0,0.0,1.0,1.0,0.0,0.0,0.0,64,0.0
13,3,0.0001,2000,43.24,0.2595,0.2595,1.0,1.0,0.0,0.0,0.0,64,0.0
13,3,0.001,2000,43.24,0.2595,0.2595,1.0,1.0,0.0,0.0,0.0,64,0.0
13,3,0.005,2000,64.0,0.0,0.0,1.0,1.0,0.0,0.0,0.0,64,0.0
13,3,0.01,2000,64.0,0.0,0.0,1.0,1.0,0.0,0.0,0.0,64,0.0
13,4,0.0001,2000,64.0,0.0,0.0,1.0,1.0,0.0,0.0,0.0,64,0.0
13,4,0.001,2000,64.0,0.0,0.0,1.0,1.0,0.0,0.0,0.0,64,0.0
13,4,0.005,2000,64.0,0.0,0.0,1.0,1.0,0.0,0.0,0.0,64,0.0
13,4,0.01,2000,64.0,0.0,0.0,1.0,1.0,0.0,0.0,0.0,64,0.0
13,5,0.0001,2000,32.336,0.454,0.3085,0.667,1.0,0.0009114123028694847,0.0,0.0,32,0.0
13,5,0.001,2000,32.336,0.454,0.3085,0.667,1.0,0.0009114123028694847,0.0,0.0,32,0.0
13,5,0.005,2000,32.336,0.454,0.3085,0.667,1.0,0.0009114123028694847,0.0,0.0,32,0.0
13,5,0.01,2000,43.968,0.257,0.2405,1.0,1.0,0.0,0.0,0.0,32,0.0
14,3,0.0001,2000,64.0,0.0,0.0,1.0,1.0,0.0,0.0,0.0,64,0.0
14,3,0.001,2000,64.0,0.0,0.0,1.0,1.0,0.0,0.0,0.0,64,0.0
14,3,0.005,2000,64.0,0.0,0.0,1.0,1.0,0.0,0.0,0.0,64,0.0
14,3,0.01,2000,64.0,0.0,0.0,1.0,1.0,0.0,0.0,0.0,64,0.0
14,4,0.0001,2000,64.0,0.0,0.0,1.0,1.0,0.0,0.0,0.0,64,0.0
14,4,0.001,2000,64.0,0.0,0.0,1.0,1.0,0.0,0.0,0.0,64,0.0
14,4,0.005,2000,64.0,0.0,0.0,1.0,1.0,0.0,0.0,0.0,64,0.0
14,4,0.01,2000,64.0,0.0,0.0,1.0,1.0,0.0,0.0,0.0,64,0.0
14,5,0.0001,2000,64.0,0.0,0.0,1.0,1.0,0.0,0.0,0.0,64,0.0
14,5,0.001,2000,64.0,0.0,0.0,1.0,1.0,0.0,0.0,0.0,64,0.0
14,5,0.005,2000,64.0,0.0,0.0,1.0,1.0,0.0,0.0,0.0,64,0.0
14,5,0.01,2000,64.0,0.0,0.0,1.0,1.0,0.0,0.0,0.0,64,0.0
15,3,0.0001,2000,64.0,0.0,0.0,1.0,1.0,0.0,0.0,0.0,64,0.0
15,3,0.001,2000,64.0,0.0,0.0,1.0,1.0,0.0,0.0,0.0,64,0.0
15,3,0.005,2000,64.0,0.0,0.0,1.0,1.0,0.0,0.0,0.0,64,0.0
15,3,0.01,2000,64.0,0.0,0.0,1.0,1.0,0.0,0.0,0.0,64,0.0
15,5,0.0001,2000,64.0,0.0,0.0,1.0,1.0,0.0,0.0,0.0,64,0.0
15,5,0.001,2000,64.0,0.0,0.0,1.0,1.0,0.0,0.0,0.0,64,0.0
15,5,0.005,2000,64.0,0.0,0.0,1.0,1.0,0.0,0.0,0.0,64,0.0
15,5,0.01,2000,64.0,0.0,0.0,1.0,1.0,0.0,0.0,0.0,64,0.0
16,3,0.0001,2000,64.0,0.0,0.0,1.0,1.0,0.0,0.0,0.0,64,0.0
16,3,0.001,2000,64.0,0.0,0.0,1.0,1.0,0.0,0.0,0.0,64,0.0
16,3,0.005,2000,64.0,0.0,0.0,1.0,1.0,0.0,0.0,0.0,64,0.0
16,3,0.01,2000,64.0,0.0,0.0,1.0,1.0,0.0,0.0,0.0,64,0.0
16,5,0.0001,2000,64.0,0.0,0.0,1.0,1.0,0.0,0.0,0.0,64,0.0
16,5,0.001,2000,64.0,0.0,0.0,1.0,1.0,0.0,0.0,0.0,64,0.0
16,5,0.005,2000,64.0,0.0,0.0,1.0,1.0,0.0,0.0,0.0,64,0.0
16,5,0.01,2000,64.0,0.0,0.0,1.0,1.0,0.0,0.0,0.0,64,0.0
17,3,0.0001,2000,64.0,0.0,0.0,1.0,1.0,0.0,0.0,0.0,64,0.0
17,3,0.001,2000,64.0,0.0,0.0,1.0,1.0,0.0,0.0,0.0,64,0.0
17,3,0.005,2000,64.0,0.0,0.0,1.0,1.0,0.0,0.0,0.0,64,0.0
17,3,0.01,2000,64.0,0.0,0.0,1.0,1.0,0.0,0.0,0.0,64,0.0
17,5,0.0001,2000,44.168,0.2425,0.256,1.0,1.0,0.0,0.0,0.0,64,0.0
17,5,0.001,2000,64.0,0.0,0.0,1.0,1.0,0.0,0.0,0.0,64,0.0
17,5,0.005,2000,64.0,0.0,0.0,1.0,1.0,0.0,0.0,0.0,64,0.0
17,5,0.01,2000,64.0,0.0,0.0,1.0,1.0,0.0,0.0,0.0,64,0.0
18,3,0.0001,2000,64.0,0.0,0.0,1.0,1.0,0.0,0.0,0.0,64,0.0
18,3,0.001,2000,64.0,0.0,0.0,1.0,1.0,0.0,0.0,0.0,64,0.0
18,3,0.005,2000,64.0,0.0,0.0,1.0,1.0,0.0,0.0,0.0,64,0.0
18,3,0.01,2000,64.0,0.0,0.0,1.0,1.0,0.0,0.0,0.0,64,0.0
18,5,0.0001,2000,64.0,0.0,0.0,1.0,1.0,0.0,0.0,0.0,64,0.0
18,5,0.001,2000,64.0,0.0,0.0,1.0,1.0,0.0,0.0,0.0,64,0.0
18,5,0.005,2000,64.0,0.0,0.0,1.0,1.0,0.0,0.0,0.0,64,0.0
18,5,0.01,2000,64.0,0.0,0.0,1.0,1.0,0.0,0.0,0.0,64,0.0
19,5,0.0001,2000,64.0,0.0,0.0,1.0,1.0,0.0,0.0,0.0,64,0.0
19,5,0.001,2000,64.0,0.0,0.0,1.0,1.0,0.0,0.0,0.0,64,0.0
19,5,0.005,2000,64.0,0.0,0.0,1.0,1.0,0.0,0.0,0.0,64,0.0
19,5,0.01,2000,64.0,0.0,0.0,1.0,1.0,0.0,0.0,0.0,64,0.0
20,5,0.0001,2000,43.832,0.2525,0.2515,1.0,1.0,0.0,0.0,0.0,16,0.0
20,5,0.001,2000,43.832,0.2525,0.2515,1.0,1.0,0.0,0.0,0.0,16,0.0
20,5,0.005,2000,64.0,0.0,0.0,1.0,1.0,0.0,0.0,0.0,64,0.0
20,5,0.01,2000,64.0,0.0,0.0,1.0,1.0,0.0,0.0,0.0,64,0.0
21,5,0.0001,2000,64.0,0.0,0.0,1.0,1.0,0.0,0.0,0.0,64,0.0
21,5,0.001,2000,64.0,0.0,0.0,1.0,1.0,0.0,0.0,0.0,64,0.0
21,5,0.005,2000,64.0,0.0,0.0,1.0,1.0,0.0,0.0,0.0,64,0.0
21,5,0.01,2000,64.0,0.0,0.0,1.0,1.0,0.0,0.0,0.0,64,0.0
22,5,0.0001,2000,64.0,0.0,0.0,1.0,1.0,0.0,0.0,0.0,64,0.0
22,5,0.001,2000,64.0,0.0,0.0,1.0,1.0,0.0,0.0,0.0,64,0.0
22,5,0.005,2000,64.0,0.0,0.0,1.0,1.0,0.0,0.0,0.0,64,0.0
22,5,0.01,2000,64.0,0.0,0.0,1.0,1.0,0.0,0.0,0.0,64,0.0
23,5,0.0001,2000,64.0,0.0,0.0,1.0,1.0,0.0,0.0,0.0,64,0.0
23,5,0.001,2000,64.0,0.0,0.0,1.0,1.0,0.0,0.0,0.0,64,0.0
23,5,0.005,2000,64.0,0.0,0.0,1.0,1.0,0.0,0.0,0.0,64,0.0
23,5,0.01,2000,64.0,0.0,0.0,1.0,1.0,0.0,0.0,0.0,64,0.0
24,5,0.0001,2000,64.0,0.0,0.0,1.0,1.0,0.0,0.0,0.0,64,0.0
24,5,0.001,2000,64.0,0.0,0.0,1.0,1.0,0.0,0.0,0.0,64,0.0
24,5,0.005,2000,64.0,0.0,0.0,1.0,1.0,0.0,0.0,0.0,64,0.0
24,5,0.01,2000,64.0,0.0,0.0,1.0,1.0,0.0,0.0,0.0,64,0.0
25,5,0.0001,2000,64.0,0.0,0.0,1.0,1.0,0.0,0.0,0.0,64,0.0
25,5,0.001,2000,64.0,0.0,0.0,1.0,1.0,0.0,0.0,0.0,64,0.0
25,5,0.005,2000,64.0,0.0,0.0,1.0,1.0,0.0,0.0,0.0,64,0.0
25,5,0.01,2000,64.0,0.0,0.0,1.0,1.0,0.0,0.0,0.0,64,0.0
