cycle,trajectory,folds,scored,passing,missing_affinity,prior_best,best_score,best_name,improvement,best_ligand_plddt,best_pbind,q10,q25,median,q75,q90,q95,all_q10,all_median,all_q90,gap_to_median,gap_to_second,within_001,improve_001,final_filter_count,advanced_name,advanced_score,advanced_rank_all,advanced_percentile_all,best_so_far
1,0,64,64,59,0,1.5659816605783279,1.5687589380202756,c01_t0_n0_s5,0.0027772774419476676,93.46935483870968,0.6340653896331787,1.0995361508412518,1.2511342900676115,1.4145210655612332,1.4840435621015486,1.5176171166063124,1.5248569743857845,1.0316934067916872,1.3955583174351724,1.5140038458959517,0.1542378724590423,0.0154570683294728,1,0,0,c01_t0_n0_s5,1.5687589380202756,1,100.0,1.5687589380202756
1,1,64,64,54,0,1.5584281242555185,1.638939525954954,c01_t1_n0_s30,0.08051140169943549,95.98677419354837,0.6790717840194702,1.120926543532956,1.2986787448606183,1.5230768618122226,1.5741389808624022,1.6054896674651484,1.6205293222227404,0.9952054610541559,1.4975388822001796,1.6054896674651484,0.11586266414273139,0.008305523272483573,2,17,0,c01_t1_n0_s30,1.638939525954954,1,100.0,1.638939525954954
1,2,64,64,36,0,1.5510383694310341,1.5645183794329243,c01_t2_n0_s36,0.013480010001890141,89.67322580645161,0.6677861213684082,0.9586706649980237,1.0885734451040143,1.163404074424313,1.335194563319606,1.4584955622673037,1.5103200423017626,0.9240676990505957,1.1342696312965885,1.4465552120042617,0.4011143050086112,0.025942874948440053,1,1,0,c01_t2_n0_s36,1.5645183794329243,1,100.0,1.5645183794329243
1,3,64,64,48,0,1.5371841725872413,1.4842202662960178,c01_t3_n0_s18,-0.052963906291223495,92.4951612903226,0.5592686533927917,0.9841146443982278,1.0952342218645157,1.2655475042727686,1.3853005438327792,1.434069828707172,1.4593088761935695,0.9712221606722187,1.1933972476267045,1.4243541101314174,0.21867276202324915,0.02393796752806643,1,0,0,c01_t3_n0_s18,1.4842202662960178,1,100.0,1.5371841725872413
1,4,64,64,27,0,1.531606849842687,1.6748235435547367,c01_t4_n0_s33,0.14321669371204981,85.70064516129032,0.8178170919418335,1.2405024577645332,1.400604123120154,1.4713257117056078,1.517170456315625,1.5933793475594058,1.6150625668950236,1.0240354639247156,1.3926547938346863,1.598496421395271,0.20349783184912895,0.059193038497432404,1,5,0,c01_t4_n0_s33,1.6748235435547367,4,95.3125,1.6748235435547367
1,5,64,64,57,0,1.5199046098063071,1.8675966829761381,c01_t5_n0_s4,0.347692073169831,96.6948387096774,0.900648295879364,1.1396409742435334,1.4140737151822738,1.568524628602305,1.6744973758082233,1.7617108989371022,1.8017282217536432,1.021961166232632,1.5339863164655623,1.7474828566714256,0.2990720543738332,0.04148896879380737,1,33,3,c01_t5_n0_s4,1.8675966829761381,1,100.0,1.8675966829761381
2,0,64,64,57,0,1.5687589380202756,1.5439116957203034,c02_t0_n0_s7,-0.02484724229997215,91.52516129032257,0.6286600828170776,1.020955619951679,1.1289417026212138,1.285168980050856,1.4309553816456946,1.481807069820281,1.4904586188051776,0.9879130777986588,1.2569095029246422,1.4767223155166256,0.2587427156694475,0.017719457361774937,1,0,0,c02_t0_n0_s7,1.5439116957203034,1,100.0,1.5687589380202756
2,1,64,64,62,0,1.638939525954954,1.6419956822303032,c02_t1_n0_s43,0.0030561562753492755,94.9490322580645,0.6925053596496582,1.121844698421109,1.4361509215362611,1.5542863636678266,1.592228520365684,1.6139419142686167,1.6197025846175226,1.0569431611759432,1.5537724754118152,1.6138643293916024,0.08770931856247666,0.004168472016242264,2,0,0,c02_t1_n0_s43,1.6419956822303032,1,100.0,1.6419956822303032
2,2,64,64,20,0,1.5645183794329243,1.6004366985444096,c02_t2_n0_s15,0.03591831911148535,94.91129032258063,0.6513237953186035,1.0757253353697254,1.1707883539768957,1.4229994821025478,1.4947163167238235,1.547745953877972,1.5809131159265577,0.9537299844987931,1.1674400107783658,1.479524867510334,0.17743721644186183,0.02055113959773891,1,2,0,c02_t2_n0_s15,1.6004366985444096,1,100.0,1.6004366985444096
2,3,64,64,56,0,1.5371841725872413,1.5612151058996875,c02_t3_n0_s27,0.024030933312446212,94.83838709677418,0.6128312349319458,1.138202567126674,1.2377602902266287,1.380920836093349,1.4704566214946007,1.5154786342343978,1.5335177210677053,1.0648882440465497,1.3677230454352594,1.512896629139685,0.18029426980633856,0.022429398628972752,1,1,0,c02_t3_n0_s27,1.5612151058996875,1,100.0,1.5612151058996875
2,4,64,64,18,0,1.6748235435547367,1.8047104991051457,c02_t4_n0_s31,0.12988695555040897,94.63096774193546,0.858400821685791,1.2461380847875536,1.3517034972360058,1.4043815507304285,1.573071955929264,1.76909825913983,1.7932947198632456,1.1151312693343625,1.3959325381463574,1.6300208824969877,0.4003289483747172,0.013430328519882462,1,4,2,c02_t4_n0_s31,1.8047104991051457,2,98.4375,1.8047104991051457
2,5,64,64,55,0,1.8675966829761381,1.9337979866643105,c02_t5_n0_s16,0.06620130368817234,96.26645161290323,0.9711334705352783,1.25105497476024,1.4434822919214925,1.5728057478043342,1.7459867997569423,1.8545081118073001,1.8631336454182288,1.0697447611319635,1.549739962622427,1.850846443156273,0.3609922388599762,0.06635108284488789,1,1,9,c02_t5_n0_s16,1.9337979866643105,1,100.0,1.9337979866643105
3,0,64,64,20,0,1.5687589380202756,1.5651329016716247,c03_t0_n0_s6,-0.003626036348650885,91.50032258064513,0.6501296758651733,1.0150461706616802,1.302800375173169,1.3983720616094528,1.4719468258196309,1.5052906792865262,1.5197812106363235,0.8337320097252631,1.1086475783609573,1.4679492570027999,0.16676084006217184,0.047738622142422305,1,0,0,c03_t0_n0_s6,1.5651329016716247,2,98.4375,1.5687589380202756
3,1,64,64,39,0,1.6419956822303032,1.8776192630583242,c03_t1_n0_s9,0.23562358082802093,97.38806451612903,0.9037386178970337,1.454423594428032,1.5559272547368082,1.5913452529107373,1.6380041585122385,1.7296356578162408,1.820724698700136,1.2232955521546642,1.5637078672639784,1.7010390172456926,0.2862740101475869,0.053873306212886884,1,10,3,c03_t1_n0_s9,1.8776192630583242,1,100.0,1.8776192630583242
3,2,64,64,1,0,1.6004366985444096,1.1461830138606413,c03_t2_n0_s39,-0.45425368468376837,50.99419354838711,0.63624107837677,1.1461830138606413,1.1461830138606413,1.1461830138606413,1.1461830138606413,1.1461830138606413,1.1461830138606413,0.9744967460967648,1.155656913761939,1.3444803795236158,0.0,,1,0,0,c03_t2_n0_s39,1.1461830138606413,35,46.875,1.6004366985444096
3,3,64,64,18,0,1.5612151058996875,1.528042791022024,c03_t3_n0_s6,-0.03317231487766348,92.51387096774194,0.6029040813446045,1.2797338937574818,1.365869803883568,1.4386765153408048,1.468028122921913,1.5118122568555032,1.52739459906978,1.087921415878419,1.387775305904881,1.5091357474911598,0.08936627568121924,0.0007625787673459783,2,0,0,c03_t3_n0_s6,1.528042791022024,2,98.4375,1.5612151058996875
3,4,64,64,35,0,1.8047104991051457,1.9336003864903606,c03_t4_n0_s23,0.1288898873852149,97.38645161290324,0.9597358703613281,1.4912697921654487,1.5381826229510769,1.7440005022571934,1.8579230205089816,1.9091496749816403,1.920011132708211,1.2714475996752708,1.544774138493692,1.8772824229588045,0.1895998842331672,0.004869966925344249,2,15,16,c03_t4_n0_s23,1.9336003864903606,1,100.0,1.9336003864903606
3,5,64,64,22,0,1.9337979866643105,1.863726510343244,c03_t5_n0_s31,-0.07007147632106636,93.18096774193549,0.9319168329238892,1.2795811854174832,1.469927989575171,1.7043089826706916,1.823466028745713,1.8473975859485134,1.8607867527367992,1.028385012534972,1.5854895622899454,1.8330996964390047,0.15941752767255246,0.0022990445413897387,2,0,6,c03_t5_n0_s31,1.863726510343244,2,98.4375,1.9337979866643105
4,0,64,64,33,0,1.5687589380202756,1.6254491029370217,c04_t0_n0_s22,0.056690164916746166,95.1061290322581,0.6743878126144409,1.3538488587302546,1.387523503045113,1.4393232311864055,1.5181855067714567,1.5619265180624684,1.568087458849261,0.9728397195991394,1.385580429581673,1.5308403296729056,0.18612587175061623,0.05548578030986162,1,1,0,c04_t0_n0_s22,1.6254491029370217,1,100.0,1.6254491029370217
4,1,64,64,33,0,1.8776192630583242,1.7567850225017918,c04_t1_n0_s20,-0.12083424055653236,96.92548387096774,0.7875301837921143,1.2531587601569392,1.4188315449745423,1.5087913232834107,1.5697489359671069,1.6093287342908302,1.6795981948354166,1.0187204736700366,1.4129469085816413,1.5957339868763956,0.2479936992183811,0.04945573990114305,1,0,0,c04_t1_n0_s20,1.7567850225017918,1,100.0,1.8776192630583242
4,2,64,64,7,0,1.6004366985444096,1.4784666123021033,c04_t2_n0_s27,-0.12197008624230632,83.39612903225806,0.6445053219795227,1.2182101478625884,1.283243495931933,1.364442200389985,1.4070378373715187,1.447219853511318,1.4628432329067107,1.0086429860216573,1.1773510244154162,1.419133497207088,0.11402441191211832,0.052077931317975334,1,0,0,c04_t2_n0_s27,1.4784666123021033,3,96.875,1.6004366985444096
4,3,64,64,6,0,1.5612151058996875,1.484644277458806,c04_t3_n0_s9,-0.07657082844088148,84.78806451612903,0.6367636322975159,1.288050775128026,1.345446476258001,1.3921461462436184,1.4309914566686077,1.4619148290249608,1.4732795532418834,1.1783425253678907,1.4170291183917751,1.5301793161158406,0.09249813121518757,0.045458896867690335,1,0,0,c04_t3_n0_s9,1.484644277458806,15,78.125,1.5612151058996875
4,4,64,64,44,0,1.9336003864903606,1.9298976901761946,c04_t4_n0_s35,-0.0037026963141659763,96.7874193548387,0.9620234966278076,1.4657732363491673,1.604525229193318,1.7768015276924256,1.8588028374002827,1.890483103770902,1.893013272231317,1.3320539559305866,1.7261061350760922,1.8847616055097887,0.153096162483769,0.00146586671644644,2,0,17,c04_t4_n0_s35,1.9298976901761946,1,100.0,1.9336003864903606
4,5,64,64,35,0,1.9337979866643105,1.927455231100513,c04_t5_n0_s16,-0.006342755563797375,96.39064516129034,0.9635487794876099,1.506650784027346,1.7028232025500267,1.7753053844974889,1.8635570175124752,1.907233868576788,1.9124215585471738,1.0679821605273216,1.7114411573840724,1.8935426548397927,0.15214984660302422,0.013729152319508442,1,0,20,c04_t5_n0_s16,1.927455231100513,1,100.0,1.9337979866643105
5,0,64,56,26,8,1.6254491029370217,1.6236052698443015,c05_t0_n0_s30,-0.0018438330927201818,96.44322580645162,0.6591730117797852,1.469230098730518,1.5007692628214437,1.550821019049614,1.5787158869974074,1.5874531191041392,1.5985848894034662,1.0101683377758148,1.4579308661860806,1.5790704454852689,0.07278425079468764,0.02163296055332342,1,0,0,c05_t0_n0_s30,1.6236052698443015,1,100.0,1.6254491029370217
5,1,64,60,15,4,1.8776192630583242,1.6700440557110694,c05_t1_n0_s1,-0.20757520734725476,97.07612903225805,0.6992827653884888,1.4920639879921942,1.5358072584029165,1.566465365686724,1.5853097981975923,1.6491475789365457,1.6623091939609278,0.9914900195690893,1.44943682234518,1.5875512898168256,0.10357869002434539,0.011049802500202155,1,0,0,c05_t1_n0_s1,1.6700440557110694,1,100.0,1.8776192630583242
5,2,64,53,12,11,1.6004366985444096,1.5780112557011265,c05_t2_n0_s50,-0.022425442843283072,91.5458064516129,0.6625531911849976,1.156707036273095,1.210858812780534,1.2927298775457565,1.4446607646572973,1.5250524964920167,1.5521338601907606,0.9778997757831698,1.1942151030109773,1.4646156366803569,0.28528137815537,0.047049810018847005,1,0,0,c05_t2_n0_s50,1.5780112557011265,1,100.0,1.6004366985444096
5,3,64,49,8,15,1.5612151058996875,1.4880406349459,c05_t3_n0_s22,-0.07317447095378737,94.43290322580646,0.5437116026878357,1.3558533664352663,1.4015836412952793,1.4472129219224374,1.476023037748183,1.4852581815359667,1.4866494082409334,1.0852266429002824,1.4459479884393756,1.5168141841451583,0.040827713023462664,0.0039749334427618965,2,0,0,c05_t3_n0_s22,1.4880406349459,14,73.46938775510205,1.5612151058996875
5,4,64,58,35,6,1.9336003864903606,1.9547094291440903,c05_t4_n0_s48,0.021109042653729704,97.43741935483871,0.9803352355957031,1.487113036574087,1.6019161638982835,1.7630885475250984,1.8831858636717642,1.9235694770419214,1.9346023151253118,1.2738755464686118,1.6843866925731783,1.9136796762989412,0.19162088161899193,0.00837650318145755,2,2,15,c05_t4_n0_s48,1.9547094291440903,1,100.0,1.9547094291440903
5,5,64,55,22,9,1.9337979866643105,1.943246054784713,c05_t5_n0_s3,0.009448068120402553,97.01419354838708,0.9731041193008423,1.6851962987112232,1.7246717615804363,1.7685674908514946,1.8533998383537416,1.8856158385455222,1.9141729791676612,1.1593960868484743,1.7137081364416307,1.8698897367385128,0.17467856393321846,0.02766921362415431,1,0,14,c05_t5_n0_s3,1.943246054784713,1,100.0,1.943246054784713
6,0,64,64,21,0,1.6254491029370217,1.617116794629251,c06_t0_n0_s47,-0.008332308307770653,94.25451612903228,0.6745716333389282,1.2996397606326688,1.4864964342578761,1.5120225705669772,1.555361156623594,1.5960026496210409,1.6018738625803302,0.8906568795419508,1.2263852742502768,1.5529353354743218,0.10509422406227387,0.01524293204892091,1,0,0,c06_t0_n0_s47,1.617116794629251,1,100.0,1.6254491029370217
6,1,64,64,32,0,1.8776192630583242,1.6781401414625106,c06_t1_n0_s2,-0.1994791215958136,94.94741935483871,0.7286659479141235,1.3891914536426915,1.5354428144501102,1.573669731167824,1.6033387435143993,1.6360672247806671,1.6574090481192065,1.0342763278115181,1.5064206051365021,1.6075666582070627,0.10447041029468651,0.008286260549483782,2,0,0,c06_t1_n0_s2,1.6781401414625106,1,100.0,1.8776192630583242
6,2,64,64,17,0,1.6004366985444096,1.5582751213473658,c06_t2_n0_s41,-0.04216157719704383,92.61419354838709,0.6321331858634949,1.2440969487097957,1.4077075205956735,1.4678796519925517,1.5046865311468802,1.5525566276045768,1.5546754675939005,0.8975011633276171,1.152358762267328,1.5029634430633054,0.09039546935481413,0.004499567191831533,3,0,0,c06_t2_n0_s41,1.5582751213473658,3,96.875,1.6004366985444096
6,3,64,64,24,0,1.5612151058996875,1.6190845613787253,c06_t3_n0_s26,0.05786945547903777,91.30322580645164,0.706052303314209,1.2316527699113662,1.3651839133285706,1.4135724834365229,1.462392049841727,1.5221963903867044,1.5445400816505184,1.140070727671654,1.3898276252023636,1.5219312586224465,0.2055120779422024,0.0708059983284246,1,1,0,c06_t3_n0_s26,1.6190845613787253,1,100.0,1.6190845613787253
6,4,64,64,34,0,1.9547094291440903,1.9614845879647045,c06_t4_n0_s11,0.006775158820614191,96.83096774193552,0.9931749105453491,1.5006398676223138,1.6048609212260094,1.8060433377512042,1.9052863177176445,1.9454837569938168,1.9508474754430403,1.3908003386306764,1.7297945652008055,1.924784314830534,0.1554412502135003,0.009532407594496695,2,0,18,c06_t4_n0_s11,1.9614845879647045,1,100.0,1.9614845879647045
6,5,64,64,21,0,1.943246054784713,1.9114851011245482,c06_t5_n0_s15,-0.03176095366016485,96.63967741935485,0.9450883269309998,1.4899098663391606,1.6722956570717598,1.7408990352507558,1.831194632204117,1.8817302015489148,1.893787260172444,1.0011848346925551,1.6246880843408649,1.8824976644802094,0.17058606587379233,0.01769784095210425,1,0,9,c06_t5_n0_s15,1.9114851011245482,3,96.875,1.943246054784713
7,0,64,64,29,0,1.6254491029370217,1.6533825864022778,c07_t0_n0_s26,0.027933483465256037,93.64193548387097,0.7169632315635681,1.240766017519428,1.3849758208397893,1.524076128895052,1.5626235620990876,1.596993141860962,1.630228274159585,0.9879443805273118,1.3999472777781947,1.588968540726631,0.1293064575072258,0.016333013266901952,1,2,0,c07_t0_n0_s26,1.6533825864022778,2,98.4375,1.6533825864022778
7,1,64,64,32,0,1.8776192630583242,1.6647809399635562,c07_t1_n0_s61,-0.2128383230947679,95.14032258064518,0.7133777141571045,1.3750404213625387,1.5224134687677504,1.5810435596912136,1.6184237823455563,1.6487686553272123,1.6519885982018132,1.0971571187234692,1.4702682779788971,1.6296374901710016,0.08373738027234268,0.010774691643253842,1,0,0,c07_t1_n0_s61,1.6647809399635562,2,98.4375,1.8776192630583242
7,2,64,64,17,0,1.6004366985444096,1.5886839098407375,c07_t2_n0_s24,-0.011752788703672135,92.19451612903225,0.666738748550415,1.0545642978342118,1.1232147075222385,1.2788582588318858,1.4721949002235166,1.5705908130215058,1.574516054586595,0.946695901418809,1.144108682106387,1.4692989565030992,0.30982565100885173,0.0177098190676781,1,0,0,,,,,1.6004366985444096
7,3,64,64,21,0,1.6190845613787253,1.6386043000621182,c07_t3_n0_s51,0.019519738683392962,92.00419354838712,0.7185623645782471,1.2390137986921494,1.351597280834567,1.4508114215297083,1.491220197225386,1.5255970154208525,1.5776385074061734,1.0512314619322747,1.4111994057839916,1.5333327637367864,0.1877928785324099,0.06096579265594482,1,1,0,c07_t3_n0_s51,1.6386043000621182,1,100.0,1.6386043000621182
7,4,64,64,36,0,1.9614845879647045,1.945400736685722,c07_t4_n0_s10,-0.016083851278982486,97.28709677419354,0.9725297689437866,1.4502925237363384,1.6549138351055885,1.826920854414663,1.8678246945519603,1.918837684259107,1.9403246481326317,1.3616246538076093,1.7466640292582973,1.8989941371151708,0.1184798822710591,0.0010596190360283586,3,0,16,c07_t4_n0_s10,1.945400736685722,1,100.0,1.9614845879647045
7,5,64,64,36,0,1.943246054784713,1.8799323160971366,c07_t5_n0_s19,-0.06331373868757639,96.0783870967742,0.9191484451293945,1.3979671387087915,1.6022791806097954,1.7000885910895565,1.7606066391921813,1.8343532697170013,1.8534166810612525,1.1045932571343453,1.629816018655223,1.7821443191712902,0.17984372500758017,0.016608657787692493,1,0,11,c07_t5_n0_s19,1.8799323160971366,1,100.0,1.943246054784713
8,0,64,64,55,0,1.6533825864022778,1.7214562675906766,c08_t0_n0_s26,0.06807368118839885,94.47451612903227,0.776711106300354,1.4553567232088889,1.4947937974745227,1.5460542055191533,1.5886651865251602,1.634180726872721,1.6486939531077107,1.2939949163252307,1.5284015114168967,1.628151673614748,0.1754020620715233,0.06279598225624339,1,1,0,c08_t0_n0_s26,1.7214562675906766,1,100.0,1.7214562675906766
8,1,64,64,42,0,1.8776192630583242,1.7573915256500243,c08_t1_n0_s4,-0.12022773740829984,94.63999999999999,0.8109915256500244,1.5133044473764974,1.5689170689282876,1.5979662079134296,1.6166513153522244,1.6839023972566667,1.7394079493987173,1.3228317158662122,1.581508075787944,1.6726271495643739,0.15942531773659474,0.005739152794499658,2,0,1,,,,,1.8776192630583242
8,3,64,64,17,0,1.6386043000621182,1.6628375882456379,c08_t3_n0_s57,0.024233288183519663,90.69322580645161,0.7559053301811218,1.1848677208795855,1.2915551085441344,1.3197742208911525,1.5093038698104118,1.6213517147261098,1.6484701205598156,0.9997526866780558,1.3167940927720836,1.6113015013057954,0.3430633673544854,0.017959334607277944,1,1,0,c08_t3_n0_s57,1.6628375882456379,2,98.4375,1.6628375882456379
8,4,64,64,43,0,1.9614845879647045,1.9486974794110945,c08_t4_n0_s3,-0.012787108553609983,97.31709677419354,0.9755265116691589,1.5556422039339624,1.6535351933971527,1.7905165462616952,1.86061172911121,1.8925467643424005,1.910793894946191,1.4387165862320315,1.7135832213155684,1.8923716942208815,0.1581809331493993,0.03295668510006333,1,0,18,c08_t4_n0_s3,1.9486974794110945,2,98.4375,1.9614845879647045
8,5,64,64,43,0,1.943246054784713,1.9100194388420348,c08_t5_n0_s51,-0.03322661594267817,95.31032258064515,0.9569162130355835,1.563753225525887,1.6643286777004118,1.7330081883276662,1.7993194034453361,1.8679268248404228,1.8787797811646616,1.0351566938469487,1.6866771609967754,1.8324650244638996,0.1770112505143686,0.0025229069617480615,2,0,21,c08_t5_n0_s51,1.9100194388420348,1,100.0,1.943246054784713
9,0,64,64,46,0,1.7214562675906766,1.70115035854155,c09_t0_n0_s6,-0.020305909049126658,94.3358064516129,0.7577922940254211,1.4178639670748865,1.4648466625967331,1.4944015476965133,1.5306773745482969,1.55648274417385,1.6175815686625818,1.113562289987995,1.4832818691284428,1.5551312823077172,0.2067488108450366,0.04881711354717111,1,0,0,c09_t0_n0_s6,1.70115035854155,1,100.0,1.7214562675906766
9,3,64,64,16,0,1.6628375882456379,1.7841403558177333,c09_t3_n0_s40,0.12130276757209546,94.52419354838712,0.8388984203338623,1.4492776893800305,1.491253669091194,1.622057140270356,1.682161916699717,1.7629394952143393,1.7697201197954917,1.0397034393913513,1.397400724411011,1.7512647240835622,0.16208321554737726,0.019226981362988838,1,4,1,c09_t3_n0_s40,1.7841403558177333,4,95.3125,1.7841403558177333
9,4,64,64,39,0,1.9614845879647045,1.968279180508275,c09_t4_n0_s36,0.006794592543570621,97.99806451612902,0.9882985353469849,1.509149188376396,1.6555846812694304,1.7615748846023318,1.8768642555821327,1.9357748999940194,1.9549375009967438,1.1621304352772621,1.6555846812694304,1.917015887931393,0.2067042959059433,0.0070053098370950195,2,0,19,c09_t4_n0_s36,1.968279180508275,1,100.0,1.968279180508275
9,5,64,64,47,0,1.943246054784713,1.9256687075215002,c09_t5_n0_s26,-0.017577347263212806,96.06580645161291,0.9650106430053711,1.4020080804240318,1.6125972700626616,1.7104472483542656,1.7768337427846848,1.8143140857635007,1.8773124339331348,1.2157410059756617,1.685448899099904,1.808059954938581,0.21522145916723456,0.027496751126935726,1,0,17,c09_t5_n0_s26,1.9256687075215002,1,100.0,1.943246054784713
10,0,64,64,46,0,1.7214562675906766,1.7072687000582292,c10_t0_n0_s52,-0.014187567532447432,92.9432258064516,0.7778364419937134,1.294884903424786,1.4250834547300493,1.4907902890097708,1.5616053547651536,1.5934178052702257,1.6256637711086581,1.031675238450881,1.452777380138828,1.5870001286725073,0.21647841104845833,0.04171483757880434,1,0,0,c10_t0_n0_s52,1.7072687000582292,1,100.0,1.7214562675906766
10,3,64,64,19,0,1.7841403558177333,1.9371216810226441,c10_t3_n0_s43,0.1529813252049108,96.88000000000001,0.968321681022644,1.3832669225505092,1.542987215166707,1.6549113481090916,1.80601750890055,1.8339724898061445,1.8524049642605933,1.0945830797715341,1.5247357425689696,1.793271574380936,0.2822103329135526,0.09412968529116728,1,6,3,c10_t3_n0_s43,1.9371216810226441,1,100.0,1.9371216810226441
10,4,64,64,49,0,1.968279180508275,1.9602559128422894,c10_t4_n0_s23,-0.008023267665985712,97.90645161290324,0.9811913967132568,1.5222829937079645,1.7589980917346093,1.8914623706694575,1.9314314392028318,1.9401329288630331,1.942735939868804,1.2771970293404977,1.8553647213705124,1.9389921147574147,0.06879354217283185,0.0028922319535289454,2,0,31,c10_t4_n0_s23,1.9602559128422894,1,100.0,1.968279180508275
10,5,64,64,41,0,1.943246054784713,1.9452565303802491,c10_t5_n0_s2,0.002010475595536132,96.66000000000001,0.978656530380249,1.3573284407031148,1.5741180575432314,1.822701805499292,1.8908185632582633,1.9128550632353751,1.9381535666434995,1.0123476789474486,1.567705014121148,1.8978790275075357,0.12255472488095709,0.004752189433190557,3,0,24,c10_t5_n0_s2,1.9452565303802491,1,100.0,1.9452565303802491
11,0,64,64,33,0,1.7214562675906766,1.6554882214761548,c11_t0_n0_s44,-0.06596804611452178,94.23225806451612,0.7131656408309937,1.4302626097925248,1.4719573318112282,1.5268326643420802,1.5673376802629038,1.6117593371366685,1.627805790831043,0.9265710384504258,1.442140438764326,1.593570984945297,0.12865555713407462,0.012237405921566413,1,0,0,c11_t0_n0_s44,1.6554882214761548,1,100.0,1.7214562675906766
11,3,64,64,20,0,1.9371216810226441,1.9375815356531452,c11_t3_n0_s6,0.00045985463050102204,96.88290322580644,0.9687525033950806,1.3988302112474746,1.5914282301595135,1.7364101128839675,1.8621338619724397,1.8891209794838197,1.9081878650283817,1.1001070061280651,1.6148380490641439,1.8554663749464098,0.20117142276917765,0.03094070592080378,1,0,6,c11_t3_n0_s6,1.9375815356531452,1,100.0,1.9375815356531452
11,4,64,64,43,0,1.968279180508275,1.944678452448691,c11_t4_n0_s35,-0.02360072805958402,97.04548387096776,0.9742236137390137,1.5181530709309732,1.7282488486320744,1.8400791098594667,1.90536703757163,1.930382467581226,1.9371008145636897,1.3424836167584697,1.7942672235365835,1.928703185124551,0.10459934258922443,0.0014220176881361013,4,0,28,c11_t4_n0_s35,1.944678452448691,2,98.4375,1.968279180508275
11,5,64,64,47,0,1.9452565303802491,1.9421057373231458,c11_t5_n0_s22,-0.003150793057103307,96.31193548387097,0.978986382484436,1.4641574026852266,1.6771719443198172,1.8443688716888427,1.907779906922002,1.9345303140714094,1.9385013818833137,1.1866079203501054,1.7996075602654487,1.932629541270656,0.09773686563430317,0.0009761406252462024,8,0,30,c11_t5_n0_s22,1.9421057373231458,1,100.0,1.9452565303802491
12,0,64,64,8,0,1.7214562675906766,1.56435743884425,c12_t0_n0_s47,-0.15709882874642656,94.57935483870968,0.6185638904571533,1.0306172896945094,1.2493704173595674,1.326770589419334,1.4645374483339246,1.5081095914040843,1.5362335151241673,0.8617352917892702,1.0493396930048542,1.3120065266833765,0.23758684942491604,0.0803540677716652,1,0,0,c12_t0_n0_s47,1.56435743884425,1,100.0,1.7214562675906766
12,3,64,64,7,0,1.9375815356531452,1.824315690019054,c12_t3_n0_s1,-0.11326584563409114,96.3977419354839,0.8603382706642151,1.505418325753981,1.537446641105221,1.7153684027764105,1.7303468114683704,1.7729349323635717,1.7986253111913129,0.9981984801516995,1.5261870060320826,1.8225144048466222,0.10894728724264358,0.08563459609247048,1,0,1,c12_t3_n0_s1,1.824315690019054,7,90.625,1.9375815356531452
12,4,64,64,32,0,1.968279180508275,1.9371512207185069,c12_t4_n0_s15,-0.031127959789768234,96.09161290322581,0.9762350916862488,1.572283081991134,1.6210220533670918,1.7308243102427454,1.8511588406124424,1.893570535645331,1.9072018961514197,1.1139427050959678,1.6069492632142959,1.8790702736731497,0.20632691047576146,0.024999159283791705,1,0,13,c12_t4_n0_s15,1.9371512207185069,1,100.0,1.968279180508275
12,5,64,64,25,0,1.9452565303802491,1.9392964397184311,c12_t5_n0_s0,-0.005960090661818018,95.60741935483873,0.983222246170044,1.249227362431557,1.3791744704769502,1.654229545420985,1.7917703431652439,1.8907463490984517,1.9062194622532014,1.1560386150397022,1.6347013089918319,1.8974574259241166,0.28506689429744614,0.03290888666645175,1,0,8,c12_t5_n0_s0,1.9392964397184311,1,100.0,1.9452565303802491
13,0,64,64,9,0,1.7214562675906766,1.534561577846158,c13_t0_n0_s5,-0.1868946897445185,93.35516129032258,0.6010099649429321,0.7432403491967724,1.0292141510440458,1.2500229738297002,1.4297085117678487,1.511241870918274,1.522901724382216,0.8140894595906042,1.0072109255975292,1.363338444363994,0.2845386040164579,0.029149633659855123,1,0,0,,,,,1.7214562675906766
13,3,64,64,23,0,1.9375815356531452,1.941142943982155,c13_t3_n0_s54,0.003561408329009863,96.61290322580645,0.9750139117240906,1.5001055773076706,1.7285068950591547,1.8406496772427714,1.8905983226283902,1.9055287551233842,1.9284054422923056,1.3498857489410527,1.716000610120835,1.9048535827713626,0.10049326673938364,0.010345685860418508,1,0,11,c13_t3_n0_s54,1.941142943982155,1,100.0,1.941142943982155
13,4,64,64,40,0,1.968279180508275,1.962373676850719,c13_t4_n0_s51,-0.005905503657556155,97.30774193548388,0.9892962574958801,1.4484068233594587,1.7162555843430183,1.8703634713465167,1.9162770919207606,1.9454960554775118,1.9508630865155498,1.244963219555578,1.771540844614275,1.9360319857086676,0.09201020550420225,0.0029227431974103713,2,0,25,c13_t4_n0_s51,1.962373676850719,1,100.0,1.968279180508275
13,5,64,64,31,0,1.9452565303802491,1.955451340315419,c13_t5_n0_s22,0.010194809935169857,97.21225806451613,0.9833287596702576,1.6217633072514688,1.7295368949151808,1.8432633944634467,1.905396957446683,1.9322469335925194,1.9427731513454067,0.9920874189115341,1.7258317703862345,1.9230782503718713,0.11218794585197234,0.002736973882490945,2,1,20,c13_t5_n0_s22,1.955451340315419,1,100.0,1.955451340315419
14,3,64,64,12,0,1.941142943982155,1.8846321998503899,c14_t3_n0_s48,-0.056510744131765156,93.3590322580645,0.9510418772697449,1.4676813161326994,1.5713348424634628,1.793278748893738,1.8530395452691661,1.8699125686387092,1.8772669069667016,1.041657470242285,1.5772197821663272,1.8532461220307503,0.09135345095665182,0.013391441606706023,1,0,5,c14_t3_n0_s48,1.8846321998503899,3,96.875,1.941142943982155
14,4,64,64,36,0,1.968279180508275,1.961080028466255,c14_t4_n0_s19,-0.0071991520420200406,96.69290322580642,0.9941509962081909,1.5882068097329909,1.648530101250833,1.735769195224393,1.8687488991691221,1.9174432955941847,1.926782540746658,1.1720795949431388,1.6555855691448333,1.8903780843602458,0.22531083324186207,0.026781881833845222,1,0,10,,,,,1.968279180508275
14,5,64,64,39,0,1.955451340315419,1.9358093663800147,c14_t5_n0_s6,-0.019641973935404344,96.71612903225807,0.9686480760574341,1.3665839523149306,1.4844557877232951,1.71609889269798,1.8374656857659741,1.8925490342970819,1.9164641252985308,1.134457569762199,1.5442179267314171,1.8651422796298613,0.21971047368203456,0.0013062705932123109,2,0,15,c14_t5_n0_s6,1.9358093663800147,1,100.0,1.955451340315419
15,3,64,64,15,0,1.941142943982155,1.9153196837240651,c15_t3_n0_s54,-0.025823260258089897,95.76806451612904,0.9576390385627747,1.3974995944053894,1.5016539359292675,1.6794223891289006,1.8162694932706895,1.8713038300514222,1.8868235919570924,1.4778766156168905,1.8150109129182757,1.8797467568511348,0.2358972945951645,0.04070870252424674,1,0,3,c15_t3_n0_s54,1.9153196837240651,2,98.4375,1.941142943982155
15,5,64,64,36,0,1.955451340315419,1.9467842227689682,c15_t5_n0_s4,-0.008667117546450775,95.81741935483872,0.988610029220581,1.267417608716411,1.5840720162476263,1.8286125454748832,1.8951506857572062,1.9297352092742919,1.9436868089045247,0.9606646264854554,1.703968003439134,1.9179979175721444,0.11817167729408506,0.002982504112489792,3,0,22,c15_t5_n0_s4,1.9467842227689682,1,100.0,1.955451340315419
16,3,64,64,10,0,1.941142943982155,1.8171229960318536,c16_t3_n0_s54,-0.12401994795030147,94.01870967741937,0.8769358992576599,1.452909533928902,1.6008641644993133,1.715586474877019,1.768433804087485,1.7852310869423034,1.8011770414870785,1.253493600672445,1.6754405184222807,1.815036975440364,0.10153652115483447,0.03543545454394459,1,0,4,c16_t3_n0_s54,1.8171229960318536,7,90.625,1.941142943982155
16,5,64,64,41,0,1.955451340315419,1.9356570458873628,c16_t5_n0_s6,-0.019794294428056247,97.25483870967744,0.9631086587905884,1.2708676002379384,1.4665433352685744,1.7368908733306392,1.85979727935791,1.9096892369301086,1.9150488126508654,1.0060651870238397,1.644608044842751,1.8985363255848422,0.19876617255672357,0.00921758393626071,2,0,19,c16_t5_n0_s6,1.9356570458873628,1,100.0,1.955451340315419
17,3,64,64,14,0,1.941142943982155,1.7168294281928769,c17_t3_n0_s14,-0.22431351578927816,92.94967741935484,0.7873326539993286,1.219989409287668,1.368894861958873,1.4592778047254011,1.4788460591946881,1.5163779450576536,1.58991080861953,1.0965560535024828,1.4676061119464139,1.7255702215736142,0.25755162346747573,0.19525941472822606,1,0,0,c17_t3_n0_s14,1.7168294281928769,8,89.0625,1.941142943982155
17,5,64,64,38,0,1.955451340315419,1.9561811804156148,c17_t5_n0_s45,0.0007298401001958332,97.49354838709677,0.9812456965446472,1.389726858200258,1.5093586698439814,1.7949016580135593,1.8960654845083913,1.9107609255944529,1.9338935358499711,0.9146118585411195,1.4501388414382932,1.9013288077957402,0.16127952240205556,0.014549194966593015,1,0,20,c17_t5_n0_s45,1.9561811804156148,1,100.0,1.9561811804156148
18,3,64,64,20,0,1.941142943982155,1.825039026444958,c18_t3_n0_s44,-0.11610391753719695,95.96935483870966,0.8653454780578613,1.3824758832383923,1.460609534364362,1.4934197460682161,1.5356524374723435,1.5855077908343653,1.602215435544599,1.096137055380421,1.440279195803981,1.5562078929052043,0.33161928037674193,0.23455114831616752,1,0,1,,,,,1.941142943982155
18,5,64,64,49,0,1.9561811804156148,1.9539540229858892,c18_t5_n0_s15,-0.002227157429725679,97.11064516129032,0.9828475713729858,1.4240253005144672,1.604506262453141,1.8641824837469283,1.9025704654201383,1.9342615500474747,1.9384937140606295,0.9331395608905055,1.794582128380191,1.932286352385552,0.08977153923896086,0.007178553279753697,2,0,29,c18_t5_n0_s15,1.9539540229858892,1,100.0,1.9561811804156148
19,5,64,64,24,0,1.9561811804156148,1.9473564430482924,c19_t5_n0_s0,-0.008824737367322477,97.46258064516125,0.9727306365966797,1.5170535976865214,1.7715275596849378,1.8788880046859862,1.9248639715356213,1.9370188823389236,1.9373723510116148,0.9081085374198421,1.3117548379867308,1.9276477374104533,0.0684684383623062,0.009963027935642854,2,0,15,c19_t5_n0_s0,1.9473564430482924,1,100.0,1.9561811804156148
20,5,64,64,23,0,1.9561811804156148,1.9585973468688227,c20_t5_n0_s2,0.0024161664532078575,97.40903225806451,0.9845070242881775,1.4311804119694618,1.5654972003259966,1.833551283796372,1.8865969676556125,1.931989978010116,1.9360556221802003,0.908953860241367,1.4044412897571439,1.8921229196717662,0.1250460630724508,0.022366214355345804,1,0,13,c20_t5_n0_s2,1.9585973468688227,1,100.0,1.9585973468688227
21,5,64,64,28,0,1.9585973468688227,1.9468148066674509,c21_t5_n0_s9,-0.011782540201371816,96.77161290322582,0.9790986776351929,1.5149441435303228,1.5987415448496418,1.8740799127009606,1.929197498230011,1.9444499630205092,1.9459543092183142,0.9426355271173292,1.4698684996112699,1.9349272937297821,0.07273489396649024,0.0007611866335714979,5,0,16,c21_t5_n0_s9,1.9468148066674509,1,100.0,1.9585973468688227
22,5,64,64,31,0,1.9585973468688227,1.9382334616107326,c22_t5_n0_s31,-0.020363885258090075,96.52419354838709,0.9729915261268616,1.4929554057398151,1.7467058740708135,1.8516739599043324,1.9129703273050245,1.9340171505804982,1.9368538610950592,0.9396295105448077,1.7172797148858348,1.9274087010605105,0.08655950170640025,0.0013068776438314167,5,0,22,c22_t5_n0_s31,1.9382334616107326,2,98.4375,1.9585973468688227
23,5,64,64,24,0,1.9585973468688227,1.9332052328294322,c23_t5_n0_s29,-0.025392114039390457,97.52193548387095,0.9579858779907227,1.0834399756689994,1.215884304982616,1.603043639103059,1.8848792699990735,1.9117819525881736,1.9157709514716366,0.886032538037454,1.239717397009942,1.9035377809936769,0.3301615937263733,0.01712094290333388,1,0,7,c23_t5_n0_s29,1.9332052328294322,2,98.4375,1.9585973468688227
24,5,64,64,32,0,1.9585973468688227,1.9435907713982365,c24_t5_n0_s6,-0.015006575470586148,97.42096774193547,0.9693810939788818,1.3209283712707027,1.545819480228424,1.747543962123317,1.82518940244567,1.902753312273641,1.9096189495072828,0.881312510230772,1.3614094731623125,1.8304052719703796,0.19604680927491946,0.02823282449783804,1,0,16,c24_t5_n0_s6,1.9435907713982365,1,100.0,1.9585973468688227
25,5,64,64,27,0,1.9585973468688227,1.942361962558377,c25_t5_n0_s60,-0.01623538431044569,96.47516129032257,0.9776103496551514,1.4256958297181899,1.6058138172657257,1.7602193765455678,1.877909985846858,1.927385210701727,1.9344405450402535,0.9381831021090477,1.5724665132599491,1.919648299303055,0.1821425860128092,0.0072265493085308385,3,0,13,,,,,1.9585973468688227
