cycle,trajectory,policy,mean_proposals,exact_best,within_001,no_passing
1,0,fixed16,16.0,0.229,0.229,0.0
1,0,fixed32,32.0,0.4955,0.4955,0.0
1,0,adaptive16,64.0,1.0,1.0,0.0
1,0,adaptive32,64.0,1.0,1.0,0.0
1,0,fixed64,64.0,1.0,1.0,0.0
1,1,fixed16,16.0,0.2395,0.4375,0.0
1,1,fixed32,32.0,0.4865,0.7485,0.0
1,1,adaptive16,16.024,0.2405,0.4385,0.0
1,1,adaptive32,32.0,0.4865,0.7485,0.0
1,1,fixed64,64.0,1.0,1.0,0.0
1,2,fixed16,16.0,0.247,0.247,0.0
1,2,fixed32,32.0,0.501,0.501,0.0
1,2,adaptive16,44.016,1.0,1.0,0.0
1,2,adaptive32,47.968,1.0,1.0,0.0
1,2,fixed64,64.0,1.0,1.0,0.0
1,3,fixed16,16.0,0.2195,0.2195,0.0
1,3,fixed32,32.0,0.4875,0.4875,0.0
1,3,adaptive16,64.0,1.0,1.0,0.0
1,3,adaptive32,64.0,1.0,1.0,0.0
1,3,fixed64,64.0,1.0,1.0,0.0
1,4,fixed16,16.0,0.2545,0.2545,0.0005
1,4,fixed32,32.0,0.5035,0.5035,0.0
1,4,adaptive16,20.416,0.359,0.359,0.0
1,4,adaptive32,32.752,0.527,0.527,0.0
1,4,fixed64,64.0,1.0,1.0,0.0
1,5,fixed16,16.0,0.2425,0.2425,0.0
1,5,fixed32,32.0,0.5045,0.5045,0.0
1,5,adaptive16,16.0,0.2425,0.2425,0.0
1,5,adaptive32,32.0,0.5045,0.5045,0.0
1,5,fixed64,64.0,1.0,1.0,0.0
2,0,fixed16,16.0,0.258,0.258,0.0
2,0,fixed32,32.0,0.5115,0.5115,0.0
2,0,adaptive16,64.0,1.0,1.0,0.0
2,0,adaptive32,64.0,1.0,1.0,0.0
2,0,fixed64,64.0,1.0,1.0,0.0
2,1,fixed16,16.0,0.258,0.4425,0.0
2,1,fixed32,32.0,0.5055,0.743,0.0
2,1,adaptive16,64.0,1.0,1.0,0.0
2,1,adaptive32,64.0,1.0,1.0,0.0
2,1,fixed64,64.0,1.0,1.0,0.0
2,2,fixed16,16.0,0.2415,0.2415,0.0005
2,2,fixed32,32.0,0.493,0.493,0.0
2,2,adaptive16,32.504,0.6645,0.6645,0.0
2,2,adaptive32,39.744,0.735,0.735,0.0
2,2,fixed64,64.0,1.0,1.0,0.0
2,3,fixed16,16.0,0.255,0.255,0.0
2,3,fixed32,32.0,0.515,0.515,0.0
2,3,adaptive16,43.44,1.0,1.0,0.0
2,3,adaptive32,47.52,1.0,1.0,0.0
2,3,fixed64,64.0,1.0,1.0,0.0
2,4,fixed16,16.0,0.26,0.26,0.0005
2,4,fixed32,32.0,0.5115,0.5115,0.0
2,4,adaptive16,22.68,0.4235,0.4235,0.0
2,4,adaptive32,33.632,0.5625,0.5625,0.0
2,4,fixed64,64.0,1.0,1.0,0.0
2,5,fixed16,16.0,0.239,0.239,0.0
2,5,fixed32,32.0,0.4775,0.4775,0.0
2,5,adaptive16,44.896,1.0,1.0,0.0
2,5,adaptive32,48.72,1.0,1.0,0.0
2,5,fixed64,64.0,1.0,1.0,0.0
3,0,fixed16,16.0,0.2455,0.2455,0.0025
3,0,fixed32,32.0,0.4955,0.4955,0.0
3,0,adaptive16,64.0,1.0,1.0,0.0
3,0,adaptive32,64.0,1.0,1.0,0.0
3,0,fixed64,64.0,1.0,1.0,0.0
3,1,fixed16,16.0,0.255,0.255,0.0
3,1,fixed32,32.0,0.5155,0.5155,0.0
3,1,adaptive16,16.824,0.2775,0.2775,0.0
3,1,adaptive32,32.048,0.517,0.517,0.0
3,1,fixed64,64.0,1.0,1.0,0.0
3,2,fixed16,16.0,0.237,0.237,0.763
3,2,fixed32,32.0,0.478,0.478,0.522
3,2,adaptive16,64.0,1.0,1.0,0.0
3,2,adaptive32,64.0,1.0,1.0,0.0
3,2,fixed64,64.0,1.0,1.0,0.0
3,3,fixed16,16.0,0.247,0.4325,0.0025
3,3,fixed32,32.0,0.5005,0.7525,0.0
3,3,adaptive16,64.0,1.0,1.0,0.0
3,3,adaptive32,64.0,1.0,1.0,0.0
3,3,fixed64,64.0,1.0,1.0,0.0
3,4,fixed16,16.0,0.2815,0.456,0.0
3,4,fixed32,32.0,0.53,0.7815,0.0
3,4,adaptive16,16.12,0.284,0.4615,0.0
3,4,adaptive32,32.0,0.53,0.7815,0.0
3,4,fixed64,64.0,1.0,1.0,0.0
3,5,fixed16,16.0,0.252,0.439,0.0005
3,5,fixed32,32.0,0.489,0.745,0.0
3,5,adaptive16,64.0,1.0,1.0,0.0
3,5,adaptive32,64.0,1.0,1.0,0.0
3,5,fixed64,64.0,1.0,1.0,0.0
4,0,fixed16,16.0,0.2595,0.2595,0.0
4,0,fixed32,32.0,0.4965,0.4965,0.0
4,0,adaptive16,43.96,1.0,1.0,0.0
4,0,adaptive32,48.112,1.0,1.0,0.0
4,0,fixed64,64.0,1.0,1.0,0.0
4,1,fixed16,16.0,0.244,0.244,0.0
4,1,fixed32,32.0,0.495,0.495,0.0
4,1,adaptive16,64.0,1.0,1.0,0.0
4,1,adaptive32,64.0,1.0,1.0,0.0
4,1,fixed64,64.0,1.0,1.0,0.0
4,2,fixed16,16.0,0.26,0.26,0.1035
4,2,fixed32,32.0,0.5095,0.5095,0.0045
4,2,adaptive16,64.0,1.0,1.0,0.0
4,2,adaptive32,64.0,1.0,1.0,0.0
4,2,fixed64,64.0,1.0,1.0,0.0
4,3,fixed16,16.0,0.2465,0.2465,0.1605
4,3,fixed32,32.0,0.511,0.511,0.0095
4,3,adaptive16,64.0,1.0,1.0,0.0
4,3,adaptive32,64.0,1.0,1.0,0.0
4,3,fixed64,64.0,1.0,1.0,0.0
4,4,fixed16,16.0,0.2495,0.438,0.0
4,4,fixed32,32.0,0.4875,0.7395,0.0
4,4,adaptive16,64.0,1.0,1.0,0.0
4,4,adaptive32,64.0,1.0,1.0,0.0
4,4,fixed64,64.0,1.0,1.0,0.0
4,5,fixed16,16.0,0.2545,0.2545,0.0
4,5,fixed32,32.0,0.509,0.509,0.0
4,5,adaptive16,64.0,1.0,1.0,0.0
4,5,adaptive32,64.0,1.0,1.0,0.0
4,5,fixed64,64.0,1.0,1.0,0.0
6,0,fixed16,16.0,0.234,0.234,0.0
6,0,fixed32,32.0,0.4755,0.4755,0.0
6,0,adaptive16,64.0,1.0,1.0,0.0
6,0,adaptive32,64.0,1.0,1.0,0.0
6,0,fixed64,64.0,1.0,1.0,0.0
6,1,fixed16,16.0,0.2515,0.443,0.0
6,1,fixed32,32.0,0.5135,0.763,0.0
6,1,adaptive16,64.0,1.0,1.0,0.0
6,1,adaptive32,64.0,1.0,1.0,0.0
6,1,fixed64,64.0,1.0,1.0,0.0
6,2,fixed16,16.0,0.265,0.593,0.0035
6,2,fixed32,32.0,0.513,0.884,0.0
6,2,adaptive16,64.0,1.0,1.0,0.0
6,2,adaptive32,64.0,1.0,1.0,0.0
6,2,fixed64,64.0,1.0,1.0,0.0
6,3,fixed16,16.0,0.262,0.262,0.0
6,3,fixed32,32.0,0.5105,0.5105,0.0
6,3,adaptive16,43.472,1.0,1.0,0.0
6,3,adaptive32,47.664,1.0,1.0,0.0
6,3,fixed64,64.0,1.0,1.0,0.0
6,4,fixed16,16.0,0.2395,0.421,0.0
6,4,fixed32,32.0,0.491,0.7385,0.0
6,4,adaptive16,64.0,1.0,1.0,0.0
6,4,adaptive32,64.0,1.0,1.0,0.0
6,4,fixed64,64.0,1.0,1.0,0.0
6,5,fixed16,16.0,0.258,0.258,0.0005
6,5,fixed32,32.0,0.4955,0.4955,0.0
6,5,adaptive16,64.0,1.0,1.0,0.0
6,5,adaptive32,64.0,1.0,1.0,0.0
6,5,fixed64,64.0,1.0,1.0,0.0
7,0,fixed16,16.0,0.2485,0.2485,0.0
7,0,fixed32,32.0,0.496,0.496,0.0
7,0,adaptive16,32.864,0.679,0.679,0.0
7,0,adaptive32,39.92,0.7435,0.7435,0.0
7,0,fixed64,64.0,1.0,1.0,0.0
7,1,fixed16,16.0,0.227,0.227,0.0
7,1,fixed32,32.0,0.5035,0.5035,0.0
7,1,adaptive16,64.0,1.0,1.0,0.0
7,1,adaptive32,64.0,1.0,1.0,0.0
7,1,fixed64,64.0,1.0,1.0,0.0
7,2,fixed16,16.0,0.2605,0.2605,0.0025
7,2,fixed32,32.0,0.4935,0.4935,0.0
7,2,adaptive16,64.0,1.0,1.0,0.0
7,2,adaptive32,64.0,1.0,1.0,0.0
7,2,fixed64,64.0,1.0,1.0,0.0
7,3,fixed16,16.0,0.268,0.268,0.0005
7,3,fixed32,32.0,0.517,0.517,0.0
7,3,adaptive16,43.168,1.0,1.0,0.0
7,3,adaptive32,47.456,1.0,1.0,0.0
7,3,fixed64,64.0,1.0,1.0,0.0
7,4,fixed16,16.0,0.2495,0.5805,0.0
7,4,fixed32,32.0,0.526,0.8885,0.0
7,4,adaptive16,64.0,1.0,1.0,0.0
7,4,adaptive32,64.0,1.0,1.0,0.0
7,4,fixed64,64.0,1.0,1.0,0.0
7,5,fixed16,16.0,0.24,0.24,0.0
7,5,fixed32,32.0,0.4975,0.4975,0.0
7,5,adaptive16,64.0,1.0,1.0,0.0
7,5,adaptive32,64.0,1.0,1.0,0.0
7,5,fixed64,64.0,1.0,1.0,0.0
8,0,fixed16,16.0,0.238,0.238,0.0
8,0,fixed32,32.0,0.4965,0.4965,0.0
8,0,adaptive16,44.304,1.0,1.0,0.0
8,0,adaptive32,48.112,1.0,1.0,0.0
8,0,fixed64,64.0,1.0,1.0,0.0
8,1,fixed16,16.0,0.2665,0.4485,0.0
8,1,fixed32,32.0,0.5055,0.754,0.0
8,1,adaptive16,64.0,1.0,1.0,0.0
8,1,adaptive32,64.0,1.0,1.0,0.0
8,1,fixed64,64.0,1.0,1.0,0.0
8,3,fixed16,16.0,0.2385,0.2385,0.003
8,3,fixed32,32.0,0.484,0.484,0.0
8,3,adaptive16,44.696,1.0,1.0,0.0
8,3,adaptive32,48.512,1.0,1.0,0.0
8,3,fixed64,64.0,1.0,1.0,0.0
8,4,fixed16,16.0,0.2505,0.2505,0.0
8,4,fixed32,32.0,0.5065,0.5065,0.0
8,4,adaptive16,64.0,1.0,1.0,0.0
8,4,adaptive32,64.0,1.0,1.0,0.0
8,4,fixed64,64.0,1.0,1.0,0.0
8,5,fixed16,16.0,0.2505,0.4525,0.0
8,5,fixed32,32.0,0.4955,0.77,0.0
8,5,adaptive16,64.0,1.0,1.0,0.0
8,5,adaptive32,64.0,1.0,1.0,0.0
8,5,fixed64,64.0,1.0,1.0,0.0
9,0,fixed16,16.0,0.245,0.245,0.0
9,0,fixed32,32.0,0.495,0.495,0.0
9,0,adaptive16,64.0,1.0,1.0,0.0
9,0,adaptive32,64.0,1.0,1.0,0.0
9,0,fixed64,64.0,1.0,1.0,0.0
9,3,fixed16,16.0,0.244,0.244,0.005
9,3,fixed32,32.0,0.514,0.514,0.0
9,3,adaptive16,23.248,0.423,0.423,0.0
9,3,adaptive32,33.888,0.573,0.573,0.0
9,3,fixed64,64.0,1.0,1.0,0.0
9,4,fixed16,16.0,0.2525,0.447,0.0
9,4,fixed32,32.0,0.4895,0.744,0.0
9,4,adaptive16,64.0,1.0,1.0,0.0
9,4,adaptive32,64.0,1.0,1.0,0.0
9,4,fixed64,64.0,1.0,1.0,0.0
9,5,fixed16,16.0,0.261,0.261,0.0
9,5,fixed32,32.0,0.529,0.529,0.0
9,5,adaptive16,64.0,1.0,1.0,0.0
9,5,adaptive32,64.0,1.0,1.0,0.0
9,5,fixed64,64.0,1.0,1.0,0.0
10,0,fixed16,16.0,0.2465,0.2465,0.0
10,0,fixed32,32.0,0.501,0.501,0.0
10,0,adaptive16,64.0,1.0,1.0,0.0
10,0,adaptive32,64.0,1.0,1.0,0.0
10,0,fixed64,64.0,1.0,1.0,0.0
10,3,fixed16,16.0,0.2435,0.2435,0.0005
10,3,fixed32,32.0,0.492,0.492,0.0
10,3,adaptive16,18.944,0.3105,0.3105,0.0
10,3,adaptive32,32.336,0.5025,0.5025,0.0
10,3,fixed64,64.0,1.0,1.0,0.0
10,4,fixed16,16.0,0.2565,0.444,0.0
10,4,fixed32,32.0,0.52,0.76,0.0
10,4,adaptive16,64.0,1.0,1.0,0.0
10,4,adaptive32,64.0,1.0,1.0,0.0
10,4,fixed64,64.0,1.0,1.0,0.0
10,5,fixed16,16.0,0.2595,0.599,0.0
10,5,fixed32,32.0,0.5075,0.8895,0.0
10,5,adaptive16,64.0,1.0,1.0,0.0
10,5,adaptive32,64.0,1.0,1.0,0.0
10,5,fixed64,64.0,1.0,1.0,0.0
11,0,fixed16,16.0,0.244,0.244,0.0
11,0,fixed32,32.0,0.485,0.485,0.0
11,0,adaptive16,64.0,1.0,1.0,0.0
11,0,adaptive32,64.0,1.0,1.0,0.0
11,0,fixed64,64.0,1.0,1.0,0.0
11,3,fixed16,16.0,0.245,0.245,0.002
11,3,fixed32,32.0,0.5005,0.5005,0.0
11,3,adaptive16,64.0,1.0,1.0,0.0
11,3,adaptive32,64.0,1.0,1.0,0.0
11,3,fixed64,64.0,1.0,1.0,0.0
11,4,fixed16,16.0,0.238,0.7,0.0
11,4,fixed32,32.0,0.483,0.945,0.0
11,4,adaptive16,64.0,1.0,1.0,0.0
11,4,adaptive32,64.0,1.0,1.0,0.0
11,4,fixed64,64.0,1.0,1.0,0.0
11,5,fixed16,16.0,0.2545,0.915,0.0
11,5,fixed32,32.0,0.5075,0.9965,0.0
11,5,adaptive16,64.0,1.0,1.0,0.0
11,5,adaptive32,64.0,1.0,1.0,0.0
11,5,fixed64,64.0,1.0,1.0,0.0
12,0,fixed16,16.0,0.252,0.252,0.0855
12,0,fixed32,32.0,0.4925,0.4925,0.001
12,0,adaptive16,64.0,1.0,1.0,0.0
12,0,adaptive32,64.0,1.0,1.0,0.0
12,0,fixed64,64.0,1.0,1.0,0.0
12,3,fixed16,16.0,0.249,0.249,0.1215
12,3,fixed32,32.0,0.5095,0.5095,0.006
12,3,adaptive16,64.0,1.0,1.0,0.0
12,3,adaptive32,64.0,1.0,1.0,0.0
12,3,fixed64,64.0,1.0,1.0,0.0
12,4,fixed16,16.0,0.269,0.269,0.0
12,4,fixed32,32.0,0.51,0.51,0.0
12,4,adaptive16,64.0,1.0,1.0,0.0
12,4,adaptive32,64.0,1.0,1.0,0.0
12,4,fixed64,64.0,1.0,1.0,0.0
12,5,fixed16,16.0,0.2565,0.2565,0.0
12,5,fixed32,32.0,0.505,0.505,0.0
12,5,adaptive16,64.0,1.0,1.0,0.0
12,5,adaptive32,64.0,1.0,1.0,0.0
12,5,fixed64,64.0,1.0,1.0,0.0
13,0,fixed16,16.0,0.259,0.259,0.0585
13,0,fixed32,32.0,0.5095,0.5095,0.0005
13,0,adaptive16,64.0,1.0,1.0,0.0
13,0,adaptive32,64.0,1.0,1.0,0.0
13,0,fixed64,64.0,1.0,1.0,0.0
13,3,fixed16,16.0,0.2595,0.2595,0.0
13,3,fixed32,32.0,0.519,0.519,0.0
13,3,adaptive16,64.0,1.0,1.0,0.0
13,3,adaptive32,64.0,1.0,1.0,0.0
13,3,fixed64,64.0,1.0,1.0,0.0
13,4,fixed16,16.0,0.2485,0.4405,0.0
13,4,fixed32,32.0,0.4895,0.748,0.0
13,4,adaptive16,64.0,1.0,1.0,0.0
13,4,adaptive32,64.0,1.0,1.0,0.0
13,4,fixed64,64.0,1.0,1.0,0.0
13,5,fixed16,16.0,0.257,0.454,0.0
13,5,fixed32,32.0,0.4975,0.7625,0.0
13,5,adaptive16,43.968,1.0,1.0,0.0
13,5,adaptive32,48.08,1.0,1.0,0.0
13,5,fixed64,64.0,1.0,1.0,0.0
14,3,fixed16,16.0,0.242,0.242,0.0265
14,3,fixed32,32.0,0.4905,0.4905,0.0
14,3,adaptive16,64.0,1.0,1.0,0.0
14,3,adaptive32,64.0,1.0,1.0,0.0
14,3,fixed64,64.0,1.0,1.0,0.0
14,4,fixed16,16.0,0.245,0.245,0.0
14,4,fixed32,32.0,0.4885,0.4885,0.0
14,4,adaptive16,64.0,1.0,1.0,0.0
14,4,adaptive32,64.0,1.0,1.0,0.0
14,4,fixed64,64.0,1.0,1.0,0.0
14,5,fixed16,16.0,0.258,0.4665,0.0
14,5,fixed32,32.0,0.4935,0.764,0.0
14,5,adaptive16,64.0,1.0,1.0,0.0
14,5,adaptive32,64.0,1.0,1.0,0.0
14,5,fixed64,64.0,1.0,1.0,0.0
15,3,fixed16,16.0,0.2355,0.2355,0.0055
15,3,fixed32,32.0,0.482,0.482,0.0
15,3,adaptive16,64.0,1.0,1.0,0.0
15,3,adaptive32,64.0,1.0,1.0,0.0
15,3,fixed64,64.0,1.0,1.0,0.0
15,5,fixed16,16.0,0.2525,0.6045,0.0
15,5,fixed32,32.0,0.5105,0.8885,0.0
15,5,adaptive16,64.0,1.0,1.0,0.0
15,5,adaptive32,64.0,1.0,1.0,0.0
15,5,fixed64,64.0,1.0,1.0,0.0
16,3,fixed16,16.0,0.245,0.245,0.046
16,3,fixed32,32.0,0.4885,0.4885,0.0005
16,3,adaptive16,64.0,1.0,1.0,0.0
16,3,adaptive32,64.0,1.0,1.0,0.0
16,3,fixed64,64.0,1.0,1.0,0.0
16,5,fixed16,16.0,0.252,0.4295,0.0
16,5,fixed32,32.0,0.492,0.7385,0.0
16,5,adaptive16,64.0,1.0,1.0,0.0
16,5,adaptive32,64.0,1.0,1.0,0.0
16,5,fixed64,64.0,1.0,1.0,0.0
17,3,fixed16,16.0,0.247,0.247,0.0145
17,3,fixed32,32.0,0.4985,0.4985,0.0
17,3,adaptive16,64.0,1.0,1.0,0.0
17,3,adaptive32,64.0,1.0,1.0,0.0
17,3,fixed64,64.0,1.0,1.0,0.0
17,5,fixed16,16.0,0.2425,0.2425,0.0
17,5,fixed32,32.0,0.4985,0.4985,0.0
17,5,adaptive16,64.0,1.0,1.0,0.0
17,5,adaptive32,64.0,1.0,1.0,0.0
17,5,fixed64,64.0,1.0,1.0,0.0
18,3,fixed16,16.0,0.2535,0.2535,0.001
18,3,fixed32,32.0,0.494,0.494,0.0
18,3,adaptive16,64.0,1.0,1.0,0.0
18,3,adaptive32,64.0,1.0,1.0,0.0
18,3,fixed64,64.0,1.0,1.0,0.0
18,5,fixed16,16.0,0.2505,0.4385,0.0
18,5,fixed32,32.0,0.496,0.7485,0.0
18,5,adaptive16,64.0,1.0,1.0,0.0
18,5,adaptive32,64.0,1.0,1.0,0.0
18,5,fixed64,64.0,1.0,1.0,0.0
19,5,fixed16,16.0,0.2415,0.4285,0.0
19,5,fixed32,32.0,0.491,0.7465,0.0
19,5,adaptive16,64.0,1.0,1.0,0.0
19,5,adaptive32,64.0,1.0,1.0,0.0
19,5,fixed64,64.0,1.0,1.0,0.0
20,5,fixed16,16.0,0.2525,0.2525,0.0
20,5,fixed32,32.0,0.504,0.504,0.0
20,5,adaptive16,64.0,1.0,1.0,0.0
20,5,adaptive32,64.0,1.0,1.0,0.0
20,5,fixed64,64.0,1.0,1.0,0.0
21,5,fixed16,16.0,0.259,0.788,0.0
21,5,fixed32,32.0,0.495,0.973,0.0
21,5,adaptive16,64.0,1.0,1.0,0.0
21,5,adaptive32,64.0,1.0,1.0,0.0
21,5,fixed64,64.0,1.0,1.0,0.0
22,5,fixed16,16.0,0.2535,0.763,0.0
22,5,fixed32,32.0,0.5055,0.9715,0.0
22,5,adaptive16,64.0,1.0,1.0,0.0
22,5,adaptive32,64.0,1.0,1.0,0.0
22,5,fixed64,64.0,1.0,1.0,0.0
23,5,fixed16,16.0,0.24,0.24,0.0
23,5,fixed32,32.0,0.4885,0.4885,0.0
23,5,adaptive16,64.0,1.0,1.0,0.0
23,5,adaptive32,64.0,1.0,1.0,0.0
23,5,fixed64,64.0,1.0,1.0,0.0
24,5,fixed16,16.0,0.24,0.24,0.0
24,5,fixed32,32.0,0.4805,0.4805,0.0
24,5,adaptive16,64.0,1.0,1.0,0.0
24,5,adaptive32,64.0,1.0,1.0,0.0
24,5,fixed64,64.0,1.0,1.0,0.0
25,5,fixed16,16.0,0.2545,0.5765,0.0
25,5,fixed32,32.0,0.4895,0.883,0.0
25,5,adaptive16,64.0,1.0,1.0,0.0
25,5,adaptive32,64.0,1.0,1.0,0.0
25,5,fixed64,64.0,1.0,1.0,0.0
